Workbook

Sheet Dashboard
A1: CPI Case Study
A17: INSIGHT 1 : Food and Beverages contributes the highest in CPI calculation in the latest month across all the sectors.
A34: INSIGHT 2:
A35: 2022 is the year with highest inflation rate.
A36: Prices of Cereals and products , Spices and Fuel and light increased in year 2022 which is the reason of high inflation rate in the year 2022.
A54: INSIGHT 3:
A55: June month has the highest inflation rate whereas in december inflation rate is lowest.
A56: Cereals and products & Spices are the individual category that contributes the highest in rising inflation rate.
A74: INSIGHT 4:
A75: Health inflation shows a sustained,elevated rise across all the sectors post-covid which signifies increase in medical service cost.
A76: Food and Beverages category experienced a sharp spike in inflation across all the sectors post -covid due to demand and supply.
A77: Essential services shows a high upward trend across all the sectors post - covid influenced by high global fuel prices and transport services.
A97: INSIGHT 5: A strong positive correlation is observed between crude oil and (Meat and fish,Oils and fats,Transport and communication).

Sheet CPI data
A1: Sector | B1: Year | C1: Month | D1: Month number | E1: Cereals and products | F1: Meat and fish | G1: Egg | H1: Milk and products | I1: Oils and fats | J1: Fruits | K1: Vegetables | L1: Pulses and products | M1: Sugar and Confectionery | N1: Spices | O1: Nonalcoholic beverages | P1: Prepared meals, scks, sweets etc. | Q1: Food and beverages | R1: Pan, tobacco and intoxicants | S1: Clothing | T1: Footwear | U1: Clothing and footwear | V1: Housing | W1: Fuel and light | X1: Household goods and services | Y1: Health | Z1: Persol care and effects | AA1: Education | AB1: Recreation and amusement | AC1: Transport and communication | AD1: Miscellaneous | AE1: General index
A2: Rural | B2: 2013 | C2: January | D2: =IF(C2="January",1, IF(C2="february",2, IF(C2="march",3, IF(C2="april",4, IF(C2="may",5, IF(C2="june",6, IF(C2="july",7, IF(C2="august",8, IF(C2="september",9, IF(C2="october",10, IF(C2="november",11, IF(C2="december",12, )))))))))))) -> 1 | E2: 107.5 | F2: 106.3 | G2: 108.1 | H2: 104.9 | I2: 106.1 | J2: 103.9 | K2: 101.9 | L2: 106.1 | M2: 106.8 | N2: 103.1 | O2: 104.8 | P2: 106.7 | Q2: 105.5 | R2: 105.1 | S2: 106.5 | T2: 105.8 | U2: 106.4 | V2: ='Missing values'!V7 -> 100.3 | W2: 105.5 | X2: 104.8 | Y2: 104 | Z2: 104.7 | AA2: 103.8 | AB2: 103.4 | AC2: 103.3 | AD2: 104 | AE2: 105.1
A3: Rural+Urban | B3: 2013 | C3: January | D3: =IF(C3="January",1, IF(C3="february",2, IF(C3="march",3, IF(C3="april",4, IF(C3="may",5, IF(C3="june",6, IF(C3="july",7, IF(C3="august",8, IF(C3="september",9, IF(C3="october",10, IF(C3="november",11, IF(C3="december",12, )))))))))))) -> 1 | E3: 108.4 | F3: 107.3 | G3: 110 | H3: 104.4 | I3: 105.1 | J3: 103.2 | K3: 102.2 | L3: 106 | M3: 106.2 | N3: 102.7 | O3: 104.9 | P3: 107.3 | Q3: 105.6 | R3: 105.1 | S3: 106.3 | T3: 105.5 | U3: 106.2 | V3: 100.3 | W3: 105.5 | X3: 104.8 | Y3: 104 | Z3: 104.5 | AA3: 103.6 | AB3: 103.1 | AC3: 103.2 | AD3: 103.9 | AE3: 104.6
A4: Urban | B4: 2013 | C4: January | D4: =IF(C4="January",1, IF(C4="february",2, IF(C4="march",3, IF(C4="april",4, IF(C4="may",5, IF(C4="june",6, IF(C4="july",7, IF(C4="august",8, IF(C4="september",9, IF(C4="october",10, IF(C4="november",11, IF(C4="december",12, )))))))))))) -> 1 | E4: 110.5 | F4: 109.1 | G4: 113 | H4: 103.6 | I4: 103.4 | J4: 102.3 | K4: 102.9 | L4: 105.8 | M4: 105.1 | N4: 101.8 | O4: 105.1 | P4: 107.9 | Q4: 105.9 | R4: 105.2 | S4: 105.9 | T4: 105 | U4: 105.8 | V4: 100.3 | W4: 105.4 | X4: 104.8 | Y4: 104.1 | Z4: 104.3 | AA4: 103.5 | AB4: 102.9 | AC4: 103.2 | AD4: 103.7 | AE4: 104
A5: Rural | B5: 2013 | C5: February | D5: =IF(C5="January",1, IF(C5="february",2, IF(C5="march",3, IF(C5="april",4, IF(C5="may",5, IF(C5="june",6, IF(C5="july",7, IF(C5="august",8, IF(C5="september",9, IF(C5="october",10, IF(C5="november",11, IF(C5="december",12, )))))))))))) -> 2 | E5: 109.2 | F5: 108.7 | G5: 110.2 | H5: 105.4 | I5: 106.7 | J5: 104 | K5: 102.4 | L5: 105.9 | M5: 105.7 | N5: 103.1 | O5: 105.1 | P5: 107.7 | Q5: 106.3 | R5: 105.6 | S5: 107.1 | T5: 106.3 | U5: 107 | V5: ='Missing values'!V40 -> 100.4 | W5: 106.2 | X5: 105.2 | Y5: 104.4 | Z5: 104.6 | AA5: 104.1 | AB5: 104 | AC5: 103.9 | AD5: 104.4 | AE5: 105.8
A6: Rural+Urban | B6: 2013 | C6: February | D6: =IF(C6="January",1, IF(C6="february",2, IF(C6="march",3, IF(C6="april",4, IF(C6="may",5, IF(C6="june",6, IF(C6="july",7, IF(C6="august",8, IF(C6="september",9, IF(C6="october",10, IF(C6="november",11, IF(C6="december",12, )))))))))))) -> 2 | E6: 110.4 | F6: 110.2 | G6: 112.8 | H6: 104.9 | I6: 105.5 | J6: 103.6 | K6: 103.2 | L6: 105.3 | M6: 105.1 | N6: 102.8 | O6: 105.5 | P6: 108.3 | Q6: 106.6 | R6: 105.7 | S6: 106.9 | T6: 106 | U6: 106.8 | V6: 100.4 | W6: 106 | X6: 105.2 | Y6: 104.5 | Z6: 104.5 | AA6: 103.9 | AB6: 103.6 | AC6: 104.2 | AD6: 104.4 | AE6: 105.3
A7: Urban | B7: 2013 | C7: February | D7: =IF(C7="January",1, IF(C7="february",2, IF(C7="march",3, IF(C7="april",4, IF(C7="may",5, IF(C7="june",6, IF(C7="july",7, IF(C7="august",8, IF(C7="september",9, IF(C7="october",10, IF(C7="november",11, IF(C7="december",12, )))))))))))) -> 2 | E7: 112.9 | F7: 112.9 | G7: 116.9 | H7: 104 | I7: 103.5 | J7: 103.1 | K7: 104.9 | L7: 104.1 | M7: 103.8 | N7: 102.3 | O7: 106 | P7: 109 | Q7: 107.2 | R7: 106 | S7: 106.6 | T7: 105.5 | U7: 106.4 | V7: 100.4 | W7: 105.7 | X7: 105.2 | Y7: 104.7 | Z7: 104.3 | AA7: 103.7 | AB7: 103.3 | AC7: 104.4 | AD7: 104.3 | AE7: 104.7
A8: Rural | B8: 2013 | C8: March | D8: =IF(C8="January",1, IF(C8="february",2, IF(C8="march",3, IF(C8="april",4, IF(C8="may",5, IF(C8="june",6, IF(C8="july",7, IF(C8="august",8, IF(C8="september",9, IF(C8="october",10, IF(C8="november",11, IF(C8="december",12, )))))))))))) -> 3 | E8: 110.2 | F8: 108.8 | G8: 109.9 | H8: 105.6 | I8: 106.2 | J8: 105.7 | K8: 101.4 | L8: 105.7 | M8: 105 | N8: 103.3 | O8: 105.6 | P8: 108.2 | Q8: 106.6 | R8: 106.5 | S8: 107.6 | T8: 106.8 | U8: 107.5 | V8: ='Missing values'!V73 -> 100.4 | W8: 106.1 | X8: 105.6 | Y8: 104.7 | Z8: 104.3 | AA8: 104.3 | AB8: 104 | AC8: 104.6 | AD8: 104.6 | AE8: 106
A9: Rural+Urban | B9: 2013 | C9: March | D9: =IF(C9="January",1, IF(C9="february",2, IF(C9="march",3, IF(C9="april",4, IF(C9="may",5, IF(C9="june",6, IF(C9="july",7, IF(C9="august",8, IF(C9="september",9, IF(C9="october",10, IF(C9="november",11, IF(C9="december",12, )))))))))))) -> 3 | E9: 111.4 | F9: 109.7 | G9: 111.2 | H9: 105.1 | I9: 104.9 | J9: 105.3 | K9: 102.2 | L9: 105 | M9: 104.2 | N9: 103 | O9: 106.2 | P9: 108.9 | Q9: 106.9 | R9: 106.6 | S9: 107.4 | T9: 106.5 | U9: 107.3 | V9: 100.4 | W9: 106.1 | X9: 105.6 | Y9: 104.9 | Z9: 104.3 | AA9: 104 | AB9: 103.7 | AC9: 105.1 | AD9: 104.7 | AE9: 105.5
A10: Urban | B10: 2013 | C10: March | D10: =IF(C10="January",1, IF(C10="february",2, IF(C10="march",3, IF(C10="april",4, IF(C10="may",5, IF(C10="june",6, IF(C10="july",7, IF(C10="august",8, IF(C10="september",9, IF(C10="october",10, IF(C10="november",11, IF(C10="december",12, )))))))))))) -> 3 | E10: 113.9 | F10: 111.4 | G10: 113.2 | H10: 104.3 | I10: 102.7 | J10: 104.9 | K10: 103.8 | L10: 103.5 | M10: 102.6 | N10: 102.4 | O10: 107 | P10: 109.8 | Q10: 107.3 | R10: 106.8 | S10: 107.2 | T10: 106 | U10: 107 | V10: 100.4 | W10: 106 | X10: 105.7 | Y10: 105.2 | Z10: 104.2 | AA10: 103.8 | AB10: 103.5 | AC10: 105.5 | AD10: 104.9 | AE10: 105
A11: Rural | B11: 2013 | C11: April | D11: =IF(C11="January",1, IF(C11="february",2, IF(C11="march",3, IF(C11="april",4, IF(C11="may",5, IF(C11="june",6, IF(C11="july",7, IF(C11="august",8, IF(C11="september",9, IF(C11="october",10, IF(C11="november",11, IF(C11="december",12, )))))))))))) -> 4 | E11: 110.2 | F11: 109.5 | G11: 106.9 | H11: 106.3 | I11: 105.7 | J11: 108.3 | K11: 103.4 | L11: 105.7 | M11: 104.2 | N11: 103.2 | O11: 106.5 | P11: 108.8 | Q11: 107.1 | R11: 107.1 | S11: 108.1 | T11: 107.4 | U11: 108 | V11: ='Missing values'!V106 -> 100.5 | W11: 106.5 | X11: 106.1 | Y11: 105.1 | Z11: 102.7 | AA11: 104.8 | AB11: 104.5 | AC11: 104.4 | AD11: 104.6 | AE11: 106.4
A12: Rural+Urban | B12: 2013 | C12: April | D12: =IF(C12="January",1, IF(C12="february",2, IF(C12="march",3, IF(C12="april",4, IF(C12="may",5, IF(C12="june",6, IF(C12="july",7, IF(C12="august",8, IF(C12="september",9, IF(C12="october",10, IF(C12="november",11, IF(C12="december",12, )))))))))))) -> 4 | E12: 111.6 | F12: 110.9 | G12: 106.6 | H12: 105.7 | I12: 104.4 | J12: 108.9 | K12: 105.5 | L12: 105.3 | M12: 103.5 | N12: 103.3 | O12: 107.2 | P12: 109.6 | Q12: 107.7 | R12: 107.5 | S12: 108 | T12: 107 | U12: 107.9 | V12: 100.5 | W12: 106.5 | X12: 106.3 | Y12: 105.3 | Z12: 102.9 | AA12: 105 | AB12: 104.2 | AC12: 104.7 | AD12: 104.8 | AE12: 106.1
A13: Urban | B13: 2013 | C13: April | D13: =IF(C13="January",1, IF(C13="february",2, IF(C13="march",3, IF(C13="april",4, IF(C13="may",5, IF(C13="june",6, IF(C13="july",7, IF(C13="august",8, IF(C13="september",9, IF(C13="october",10, IF(C13="november",11, IF(C13="december",12, )))))))))))) -> 4 | E13: 114.6 | F13: 113.4 | G13: 106 | H13: 104.7 | I13: 102.1 | J13: 109.5 | K13: 109.7 | L13: 104.6 | M13: 102 | N13: 103.5 | O13: 108.2 | P13: 110.6 | Q13: 108.8 | R13: 108.5 | S13: 107.9 | T13: 106.4 | U13: 107.7 | V13: 100.5 | W13: 106.4 | X13: 106.5 | Y13: 105.7 | Z13: 103.2 | AA13: 105.2 | AB13: 104 | AC13: 105 | AD13: 105.1 | AE13: 105.7
A14: Rural | B14: 2013 | C14: May | D14: =IF(C14="January",1, IF(C14="february",2, IF(C14="march",3, IF(C14="april",4, IF(C14="may",5, IF(C14="june",6, IF(C14="july",7, IF(C14="august",8, IF(C14="september",9, IF(C14="october",10, IF(C14="november",11, IF(C14="december",12, )))))))))))) -> 5 | E14: 110.9 | F14: 109.8 | G14: 105.9 | H14: 107.5 | I14: 105.3 | J14: 108.1 | K14: 107.3 | L14: 106.1 | M14: 103.7 | N14: 104 | O14: 107.4 | P14: 109.9 | Q14: 108.1 | R14: 108.1 | S14: 108.8 | T14: 107.9 | U14: 108.6 | V14: ='Missing values'!V136 -> 100.5 | W14: 107.5 | X14: 106.8 | Y14: 105.7 | Z14: 102.1 | AA14: 105.5 | AB14: 105 | AC14: 104.1 | AD14: 104.8 | AE14: 107.2
A15: Rural+Urban | B15: 2013 | C15: May | D15: =IF(C15="January",1, IF(C15="february",2, IF(C15="march",3, IF(C15="april",4, IF(C15="may",5, IF(C15="june",6, IF(C15="july",7, IF(C15="august",8, IF(C15="september",9, IF(C15="october",10, IF(C15="november",11, IF(C15="december",12, )))))))))))) -> 5 | E15: 112.3 | F15: 111.3 | G15: 104.7 | H15: 106.8 | I15: 103.9 | J15: 109.3 | K15: 112.9 | L15: 105.8 | M15: 103.1 | N15: 104.3 | O15: 108.1 | P15: 110.5 | Q15: 109.2 | R15: 108.6 | S15: 108.7 | T15: 107.4 | U15: 108.5 | V15: 100.5 | W15: 107.4 | X15: 106.9 | Y15: 105.9 | Z15: 102.3 | AA15: 105.6 | AB15: 104.8 | AC15: 104 | AD15: 104.8 | AE15: 106.9
A16: Urban | B16: 2013 | C16: May | D16: =IF(C16="January",1, IF(C16="february",2, IF(C16="march",3, IF(C16="april",4, IF(C16="may",5, IF(C16="june",6, IF(C16="july",7, IF(C16="august",8, IF(C16="september",9, IF(C16="october",10, IF(C16="november",11, IF(C16="december",12, )))))))))))) -> 5 | E16: 115.4 | F16: 114.2 | G16: 102.7 | H16: 105.5 | I16: 101.5 | J16: 110.6 | K16: 123.7 | L16: 105.2 | M16: 101.9 | N16: 105 | O16: 109.1 | P16: 111.3 | Q16: 111.1 | R16: 109.8 | S16: 108.5 | T16: 106.7 | U16: 108.3 | V16: 100.5 | W16: 107.2 | X16: 107.1 | Y16: 106.2 | Z16: 102.6 | AA16: 105.7 | AB16: 104.6 | AC16: 103.9 | AD16: 104.9 | AE16: 106.6
A17: Rural | B17: 2013 | C17: June | D17: =IF(C17="January",1, IF(C17="february",2, IF(C17="march",3, IF(C17="april",4, IF(C17="may",5, IF(C17="june",6, IF(C17="july",7, IF(C17="august",8, IF(C17="september",9, IF(C17="october",10, IF(C17="november",11, IF(C17="december",12, )))))))))))) -> 6 | E17: 112.3 | F17: 112.1 | G17: 108.1 | H17: 108.3 | I17: 105.9 | J17: 109.2 | K17: 118 | L17: 106.8 | M17: 104.1 | N17: 105.4 | O17: 108.2 | P17: 111 | Q17: 110.6 | R17: 109 | S17: 109.7 | T17: 108.8 | U17: 109.5 | V17: ='Missing values'!V169 -> 106.6 | W17: 108.5 | X17: 107.5 | Y17: 106.3 | Z17: 102.5 | AA17: 106.5 | AB17: 105.6 | AC17: 105 | AD17: 105.5 | AE17: 108.9
A18: Rural+Urban | B18: 2013 | C18: June | D18: =IF(C18="January",1, IF(C18="february",2, IF(C18="march",3, IF(C18="april",4, IF(C18="may",5, IF(C18="june",6, IF(C18="july",7, IF(C18="august",8, IF(C18="september",9, IF(C18="october",10, IF(C18="november",11, IF(C18="december",12, )))))))))))) -> 6 | E18: 113.8 | F18: 114.9 | G18: 109.8 | H18: 107.9 | I18: 104.2 | J18: 110.7 | K18: 126.7 | L18: 106.3 | M18: 103.2 | N18: 105.7 | O18: 109 | P18: 111.6 | Q18: 112.2 | R18: 109.5 | S18: 109.5 | T18: 108.1 | U18: 109.3 | V18: 106.6 | W18: 108.3 | X18: 107.6 | Y18: 106.4 | Z18: 102.8 | AA18: 107.4 | AB18: 105.4 | AC18: 105.1 | AD18: 105.8 | AE18: 109.3
A19: Urban | B19: 2013 | C19: June | D19: =IF(C19="January",1, IF(C19="february",2, IF(C19="march",3, IF(C19="april",4, IF(C19="may",5, IF(C19="june",6, IF(C19="july",7, IF(C19="august",8, IF(C19="september",9, IF(C19="october",10, IF(C19="november",11, IF(C19="december",12, )))))))))))) -> 6 | E19: 117 | F19: 120.1 | G19: 112.5 | H19: 107.3 | I19: 101.3 | J19: 112.4 | K19: 143.6 | L19: 105.4 | M19: 101.4 | N19: 106.4 | O19: 110 | P19: 112.2 | Q19: 115 | R19: 110.9 | S19: 109.2 | T19: 107.2 | U19: 108.9 | V19: 106.6 | W19: 108 | X19: 107.7 | Y19: 106.5 | Z19: 103.3 | AA19: 108.1 | AB19: 105.2 | AC19: 105.2 | AD19: 106.1 | AE19: 109.7
A20: Rural | B20: 2013 | C20: July | D20: =IF(C20="January",1, IF(C20="february",2, IF(C20="march",3, IF(C20="april",4, IF(C20="may",5, IF(C20="june",6, IF(C20="july",7, IF(C20="august",8, IF(C20="september",9, IF(C20="october",10, IF(C20="november",11, IF(C20="december",12, )))))))))))) -> 7 | E20: 113.4 | F20: 114.9 | G20: 110.5 | H20: 109.3 | I20: 106.2 | J20: 110.3 | K20: 129.2 | L20: 107.1 | M20: 104.3 | N20: 106.4 | O20: 109.1 | P20: 112.1 | Q20: 113.1 | R20: 109.8 | S20: 110.5 | T20: 109.5 | U20: 110.3 | V20: ='Missing values'!V199 -> 107.7 | W20: 109.5 | X20: 108.3 | Y20: 106.9 | Z20: 102.5 | AA20: 107.8 | AB20: 106.4 | AC20: 106.8 | AD20: 106.5 | AE20: 110.7
A21: Rural+Urban | B21: 2013 | C21: July | D21: =IF(C21="January",1, IF(C21="february",2, IF(C21="march",3, IF(C21="april",4, IF(C21="may",5, IF(C21="june",6, IF(C21="july",7, IF(C21="august",8, IF(C21="september",9, IF(C21="october",10, IF(C21="november",11, IF(C21="december",12, )))))))))))) -> 7 | E21: 114.8 | F21: 116.4 | G21: 111.9 | H21: 108.9 | I21: 104.3 | J21: 111.7 | K21: 140 | L21: 106.4 | M21: 103.3 | N21: 106.8 | O21: 109.6 | P21: 112.6 | Q21: 114.7 | R21: 110.3 | S21: 110.2 | T21: 108.8 | U21: 110 | V21: 107.7 | W21: 109.2 | X21: 108.2 | Y21: 107 | Z21: 102.8 | AA21: 109.1 | AB21: 106.1 | AC21: 107.1 | AD21: 106.9 | AE21: 111
A22: Urban | B22: 2013 | C22: July | D22: =IF(C22="January",1, IF(C22="february",2, IF(C22="march",3, IF(C22="april",4, IF(C22="may",5, IF(C22="june",6, IF(C22="july",7, IF(C22="august",8, IF(C22="september",9, IF(C22="october",10, IF(C22="november",11, IF(C22="december",12, )))))))))))) -> 7 | E22: 117.8 | F22: 119.2 | G22: 114 | H22: 108.3 | I22: 101.1 | J22: 113.2 | K22: 160.9 | L22: 105.1 | M22: 101.3 | N22: 107.5 | O22: 110.4 | P22: 113.1 | Q22: 117.5 | R22: 111.7 | S22: 109.8 | T22: 107.8 | U22: 109.5 | V22: 107.7 | W22: 108.6 | X22: 108.1 | Y22: 107.1 | Z22: 103.2 | AA22: 110.1 | AB22: 105.9 | AC22: 107.3 | AD22: 107.3 | AE22: 111.4
A23: Rural | B23: 2013 | C23: August | D23: =IF(C23="January",1, IF(C23="february",2, IF(C23="march",3, IF(C23="april",4, IF(C23="may",5, IF(C23="june",6, IF(C23="july",7, IF(C23="august",8, IF(C23="september",9, IF(C23="october",10, IF(C23="november",11, IF(C23="december",12, )))))))))))) -> 8 | E23: 114.3 | F23: 115.4 | G23: 111.1 | H23: 110 | I23: 106.4 | J23: 110.8 | K23: 138.9 | L23: 107.4 | M23: 104.1 | N23: 106.9 | O23: 109.7 | P23: 112.6 | Q23: 114.9 | R23: 110.7 | S23: 111.3 | T23: 110.2 | U23: 111.1 | V23: ='Missing values'!V229 -> 108.9 | W23: 109.9 | X23: 108.7 | Y23: 107.5 | Z23: 105 | AA23: 108.7 | AB23: 106.8 | AC23: 107.8 | AD23: 107.5 | AE23: 112.1
A24: Rural+Urban | B24: 2013 | C24: August | D24: =IF(C24="January",1, IF(C24="february",2, IF(C24="march",3, IF(C24="april",4, IF(C24="may",5, IF(C24="june",6, IF(C24="july",7, IF(C24="august",8, IF(C24="september",9, IF(C24="october",10, IF(C24="november",11, IF(C24="december",12, )))))))))))) -> 8 | E24: 115.6 | F24: 117.2 | G24: 111.7 | H24: 109.6 | I24: 104.5 | J24: 109.8 | K24: 151.8 | L24: 106.5 | M24: 103.1 | N24: 107.4 | O24: 110.2 | P24: 113.4 | Q24: 116.6 | R24: 111.2 | S24: 111 | T24: 109.4 | U24: 110.7 | V24: 108.9 | W24: 109.7 | X24: 108.7 | Y24: 107.5 | Z24: 105.4 | AA24: 109.9 | AB24: 106.6 | AC24: 108 | AD24: 107.9 | AE24: 112.4
A25: Urban | B25: 2013 | C25: August | D25: =IF(C25="January",1, IF(C25="february",2, IF(C25="march",3, IF(C25="april",4, IF(C25="may",5, IF(C25="june",6, IF(C25="july",7, IF(C25="august",8, IF(C25="september",9, IF(C25="october",10, IF(C25="november",11, IF(C25="december",12, )))))))))))) -> 8 | E25: 118.3 | F25: 120.4 | G25: 112.7 | H25: 108.9 | I25: 101.1 | J25: 108.7 | K25: 177 | L25: 104.7 | M25: 101 | N25: 108.5 | O25: 110.9 | P25: 114.3 | Q25: 119.6 | R25: 112.4 | S25: 110.6 | T25: 108.3 | U25: 110.2 | V25: 108.9 | W25: 109.3 | X25: 108.7 | Y25: 107.6 | Z25: 106 | AA25: 110.8 | AB25: 106.5 | AC25: 108.1 | AD25: 108.3 | AE25: 112.7
A26: Rural | B26: 2013 | C26: September | D26: =IF(C26="January",1, IF(C26="february",2, IF(C26="march",3, IF(C26="april",4, IF(C26="may",5, IF(C26="june",6, IF(C26="july",7, IF(C26="august",8, IF(C26="september",9, IF(C26="october",10, IF(C26="november",11, IF(C26="december",12, )))))))))))) -> 9 | E26: 115.4 | F26: 115.7 | G26: 111.7 | H26: 111 | I26: 107.4 | J26: 110.9 | K26: 154 | L26: 108.1 | M26: 104.2 | N26: 107.9 | O26: 110.4 | P26: 114 | Q26: 117.8 | R26: 111.7 | S26: 112.7 | T26: 111.4 | U26: 112.5 | V26: ='Missing values'!V259 -> 109.7 | W26: 111.1 | X26: 109.6 | Y26: 108.3 | Z26: 106.7 | AA26: 109.8 | AB26: 107.7 | AC26: 109.3 | AD26: 108.7 | AE26: 114.2
A27: Rural+Urban | B27: 2013 | C27: September | D27: =IF(C27="January",1, IF(C27="february",2, IF(C27="march",3, IF(C27="april",4, IF(C27="may",5, IF(C27="june",6, IF(C27="july",7, IF(C27="august",8, IF(C27="september",9, IF(C27="october",10, IF(C27="november",11, IF(C27="december",12, )))))))))))) -> 9 | E27: 116.4 | F27: 116.9 | G27: 112.3 | H27: 110.5 | I27: 105.3 | J27: 107.3 | K27: 160.9 | L27: 107.1 | M27: 103.1 | N27: 108.3 | O27: 110.7 | P27: 114.6 | Q27: 118.3 | R27: 112 | S27: 112.2 | T27: 110.4 | U27: 111.9 | V27: 109.7 | W27: 110.5 | X27: 109.6 | Y27: 108.1 | Z27: 106.8 | AA27: 110.6 | AB27: 107.5 | AC27: 109.9 | AD27: 109 | AE27: 113.7
A28: Urban | B28: 2013 | C28: September | D28: =IF(C28="January",1, IF(C28="february",2, IF(C28="march",3, IF(C28="april",4, IF(C28="may",5, IF(C28="june",6, IF(C28="july",7, IF(C28="august",8, IF(C28="september",9, IF(C28="october",10, IF(C28="november",11, IF(C28="december",12, )))))))))))) -> 9 | E28: 118.6 | F28: 119.1 | G28: 113.2 | H28: 109.6 | I28: 101.7 | J28: 103.2 | K28: 174.3 | L28: 105.1 | M28: 100.8 | N28: 109.1 | O28: 111.1 | P28: 115.4 | Q28: 119.2 | R28: 112.9 | S28: 111.4 | T28: 109 | U28: 111.1 | V28: 109.7 | W28: 109.5 | X28: 109.6 | Y28: 107.9 | Z28: 106.9 | AA28: 111.2 | AB28: 107.4 | AC28: 110.4 | AD28: 109.4 | AE28: 113.2
A29: Rural | B29: 2013 | C29: October | D29: =IF(C29="January",1, IF(C29="february",2, IF(C29="march",3, IF(C29="april",4, IF(C29="may",5, IF(C29="june",6, IF(C29="july",7, IF(C29="august",8, IF(C29="september",9, IF(C29="october",10, IF(C29="november",11, IF(C29="december",12, )))))))))))) -> 10 | E29: 116.3 | F29: 115.4 | G29: 112.6 | H29: 111.7 | I29: 107.7 | J29: 113.2 | K29: 164.9 | L29: 108.3 | M29: 103.9 | N29: 108.2 | O29: 111.1 | P29: 114.9 | Q29: 119.8 | R29: 112.2 | S29: 113.6 | T29: 112.3 | U29: 113.4 | V29: ='Missing values'!V289 -> 110.5 | W29: 111.6 | X29: 110.4 | Y29: 108.9 | Z29: 107.5 | AA29: 110.2 | AB29: 108.3 | AC29: 109.3 | AD29: 109.1 | AE29: 115.5
A30: Rural+Urban | B30: 2013 | C30: October | D30: =IF(C30="January",1, IF(C30="february",2, IF(C30="march",3, IF(C30="april",4, IF(C30="may",5, IF(C30="june",6, IF(C30="july",7, IF(C30="august",8, IF(C30="september",9, IF(C30="october",10, IF(C30="november",11, IF(C30="december",12, )))))))))))) -> 10 | E30: 117.1 | F30: 116.3 | G30: 113.3 | H30: 111.2 | I30: 105.7 | J30: 109.9 | K30: 171.2 | L30: 107.3 | M30: 102.7 | N30: 108.7 | O30: 111.2 | P30: 115.4 | Q30: 120.2 | R30: 112.5 | S30: 113.2 | T30: 111.2 | U30: 112.8 | V30: 110.5 | W30: 110.9 | X30: 110.3 | Y30: 108.6 | Z30: 107.4 | AA30: 110.8 | AB30: 108.1 | AC30: 109.5 | AD30: 109.2 | AE30: 114.8
A31: Urban | B31: 2013 | C31: October | D31: =IF(C31="January",1, IF(C31="february",2, IF(C31="march",3, IF(C31="april",4, IF(C31="may",5, IF(C31="june",6, IF(C31="july",7, IF(C31="august",8, IF(C31="september",9, IF(C31="october",10, IF(C31="november",11, IF(C31="december",12, )))))))))))) -> 10 | E31: 118.9 | F31: 118.1 | G31: 114.5 | H31: 110.4 | I31: 102.3 | J31: 106.2 | K31: 183.5 | L31: 105.3 | M31: 100.2 | N31: 109.6 | O31: 111.4 | P31: 116 | Q31: 120.8 | R31: 113.5 | S31: 112.5 | T31: 109.7 | U31: 112 | V31: 110.5 | W31: 109.7 | X31: 110.2 | Y31: 108.2 | Z31: 107.3 | AA31: 111.3 | AB31: 108 | AC31: 109.7 | AD31: 109.4 | AE31: 114
A32: Rural | B32: 2013 | C32: November | D32: 11 | E32: 117.3 | F32: 114.9 | G32: 116.2 | H32: 112.8 | I32: 108.9 | J32: 116.6 | K32: 178.1 | L32: 109.1 | M32: 103.6 | N32: 109 | O32: 111.8 | P32: 116 | Q32: 122.5 | R32: 112.8 | S32: 114.6 | T32: 113.1 | U32: 114.4 | V32: ='Missing values'!V319 -> 111.1 | W32: 112.6 | X32: 111.3 | Y32: 109.7 | Z32: 108.2 | AA32: 111 | AB32: 108.7 | AC32: 109.6 | AD32: 109.8 | AE32: 117.4
A33: Rural+Urban | B33: 2013 | C33: November | D33: =IF(C33="January",1, IF(C33="february",2, IF(C33="march",3, IF(C33="april",4, IF(C33="may",5, IF(C33="june",6, IF(C33="july",7, IF(C33="august",8, IF(C33="september",9, IF(C33="october",10, IF(C33="november",11, IF(C33="december",12, )))))))))))) -> 11 | E33: 118.1 | F33: 115.4 | G33: 118.7 | H33: 112.5 | I33: 106.8 | J33: 113.5 | K33: 183.1 | L33: 108.2 | M33: 102.2 | N33: 109.4 | O33: 111.8 | P33: 116.5 | Q33: 122.6 | R33: 113.1 | S33: 114.2 | T33: 111.9 | U33: 113.8 | V33: 111.1 | W33: 111.6 | X33: 111.1 | Y33: 109.3 | Z33: 108.1 | AA33: 111.2 | AB33: 108.6 | AC33: 109.5 | AD33: 109.7 | AE33: 116.3
A34: Urban | B34: 2013 | C34: November | D34: =IF(C34="January",1, IF(C34="february",2, IF(C34="march",3, IF(C34="april",4, IF(C34="may",5, IF(C34="june",6, IF(C34="july",7, IF(C34="august",8, IF(C34="september",9, IF(C34="october",10, IF(C34="november",11, IF(C34="december",12, )))))))))))) -> 11 | E34: 119.8 | F34: 116.3 | G34: 122.6 | H34: 112 | I34: 103.2 | J34: 110 | K34: 192.8 | L34: 106.3 | M34: 99.5 | N34: 110.3 | O34: 111.8 | P34: 117.1 | Q34: 122.9 | R34: 114.1 | S34: 113.5 | T34: 110.3 | U34: 113 | V34: 111.1 | W34: 110 | X34: 110.9 | Y34: 108.6 | Z34: 107.9 | AA34: 111.3 | AB34: 108.5 | AC34: 109.5 | AD34: 109.6 | AE34: 115
A35: Rural | B35: 2013 | C35: December | D35: =IF(C35="January",1, IF(C35="february",2, IF(C35="march",3, IF(C35="april",4, IF(C35="may",5, IF(C35="june",6, IF(C35="july",7, IF(C35="august",8, IF(C35="september",9, IF(C35="october",10, IF(C35="november",11, IF(C35="december",12, )))))))))))) -> 12 | E35: 118.4 | F35: 115.9 | G35: 120.4 | H35: 113.8 | I35: 109.5 | J35: 115.5 | K35: 145.7 | L35: 109.5 | M35: 102.9 | N35: 109.8 | O35: 112.1 | P35: 116.8 | Q35: 118.7 | R35: 113.6 | S35: 115.8 | T35: 114 | U35: 115.5 | V35: ='Missing values'!V349 -> 110.7 | W35: 112.8 | X35: 112.1 | Y35: 110.1 | Z35: 108.1 | AA35: 111.6 | AB35: 109.2 | AC35: 109.9 | AD35: 110.1 | AE35: 115.5
A36: Rural+Urban | B36: 2013 | C36: December | D36: =IF(C36="January",1, IF(C36="february",2, IF(C36="march",3, IF(C36="april",4, IF(C36="may",5, IF(C36="june",6, IF(C36="july",7, IF(C36="august",8, IF(C36="september",9, IF(C36="october",10, IF(C36="november",11, IF(C36="december",12, )))))))))))) -> 12 | E36: 119.1 | F36: 116.7 | G36: 123.5 | H36: 113.4 | I36: 107.3 | J36: 113.3 | K36: 145.4 | L36: 108.7 | M36: 101.5 | N36: 110.5 | O36: 112.1 | P36: 117.4 | Q36: 118.4 | R36: 114 | S36: 115.2 | T36: 112.7 | U36: 114.8 | V36: 110.7 | W36: 111.9 | X36: 111.7 | Y36: 109.7 | Z36: 107.9 | AA36: 111.5 | AB36: 109 | AC36: 109.8 | AD36: 110 | AE36: 114.5
A37: Urban | B37: 2013 | C37: December | D37: =IF(C37="January",1, IF(C37="february",2, IF(C37="march",3, IF(C37="april",4, IF(C37="may",5, IF(C37="june",6, IF(C37="july",7, IF(C37="august",8, IF(C37="september",9, IF(C37="october",10, IF(C37="november",11, IF(C37="december",12, )))))))))))) -> 12 | E37: 120.5 | F37: 118.1 | G37: 128.5 | H37: 112.8 | I37: 103.4 | J37: 110.7 | K37: 144.8 | L37: 107.1 | M37: 98.6 | N37: 111.9 | O37: 112.1 | P37: 118.1 | Q37: 117.8 | R37: 115 | S37: 114.2 | T37: 110.9 | U37: 113.7 | V37: 110.7 | W37: 110.4 | X37: 111.3 | Y37: 109 | Z37: 107.7 | AA37: 111.4 | AB37: 108.9 | AC37: 109.7 | AD37: 109.8 | AE37: 113.3
A38: Rural | B38: 2014 | C38: January | D38: =IF(C38="January",1, IF(C38="february",2, IF(C38="march",3, IF(C38="april",4, IF(C38="may",5, IF(C38="june",6, IF(C38="july",7, IF(C38="august",8, IF(C38="september",9, IF(C38="october",10, IF(C38="november",11, IF(C38="december",12, )))))))))))) -> 1 | E38: 118.9 | F38: 117.1 | G38: 120.5 | H38: 114.4 | I38: 109 | J38: 115.5 | K38: 123.9 | L38: 109.6 | M38: 101.8 | N38: 110.2 | O38: 112.4 | P38: 117.3 | Q38: 116 | R38: 114 | S38: 116.5 | T38: 114.5 | U38: 116.2 | V38: ='Missing values'!V10 -> 111.6 | W38: 113 | X38: 112.6 | Y38: 110.6 | Z38: 108.3 | AA38: 111.8 | AB38: 109.6 | AC38: 110.5 | AD38: 110.6 | AE38: 114.2
A39: Rural+Urban | B39: 2014 | C39: January | D39: =IF(C39="January",1, IF(C39="february",2, IF(C39="march",3, IF(C39="april",4, IF(C39="may",5, IF(C39="june",6, IF(C39="july",7, IF(C39="august",8, IF(C39="september",9, IF(C39="october",10, IF(C39="november",11, IF(C39="december",12, )))))))))))) -> 1 | E39: 119.6 | F39: 118.8 | G39: 124.1 | H39: 114.1 | I39: 106.8 | J39: 113.9 | K39: 122.2 | L39: 108.9 | M39: 100.2 | N39: 111 | O39: 112.3 | P39: 118.1 | Q39: 115.8 | R39: 114.5 | S39: 115.8 | T39: 113.2 | U39: 115.4 | V39: 111.6 | W39: 112.2 | X39: 112.3 | Y39: 110.3 | Z39: 108.2 | AA39: 111.6 | AB39: 109.7 | AC39: 110.7 | AD39: 110.6 | AE39: 113.6
A40: Urban | B40: 2014 | C40: January | D40: =IF(C40="January",1, IF(C40="february",2, IF(C40="march",3, IF(C40="april",4, IF(C40="may",5, IF(C40="june",6, IF(C40="july",7, IF(C40="august",8, IF(C40="september",9, IF(C40="october",10, IF(C40="november",11, IF(C40="december",12, )))))))))))) -> 1 | E40: 121.2 | F40: 122 | G40: 129.9 | H40: 113.6 | I40: 102.9 | J40: 112.1 | K40: 118.9 | L40: 107.5 | M40: 96.9 | N40: 112.7 | O40: 112.1 | P40: 119 | Q40: 115.5 | R40: 115.7 | S40: 114.8 | T40: 111.3 | U40: 114.3 | V40: 111.6 | W40: 111 | X40: 111.9 | Y40: 109.7 | Z40: 108 | AA40: 111.5 | AB40: 109.8 | AC40: 110.8 | AD40: 110.5 | AE40: 112.9
A41: Rural | B41: 2014 | C41: February | D41: =IF(C41="January",1, IF(C41="february",2, IF(C41="march",3, IF(C41="april",4, IF(C41="may",5, IF(C41="june",6, IF(C41="july",7, IF(C41="august",8, IF(C41="september",9, IF(C41="october",10, IF(C41="november",11, IF(C41="december",12, )))))))))))) -> 2 | E41: 119.4 | F41: 117.7 | G41: 121.2 | H41: 115 | I41: 109 | J41: 116.6 | K41: 116 | L41: 109.8 | M41: 101.1 | N41: 110.4 | O41: 112.9 | P41: 117.8 | Q41: 115.3 | R41: 114.2 | S41: 117.1 | T41: 114.5 | U41: 116.7 | V41: ='Missing values'!V43 -> 112.5 | W41: 113.2 | X41: 112.9 | Y41: 110.9 | Z41: 108.7 | AA41: 112 | AB41: 109.9 | AC41: 110.8 | AD41: 110.9 | AE41: 114
A42: Rural+Urban | B42: 2014 | C42: February | D42: =IF(C42="January",1, IF(C42="february",2, IF(C42="march",3, IF(C42="april",4, IF(C42="may",5, IF(C42="june",6, IF(C42="july",7, IF(C42="august",8, IF(C42="september",9, IF(C42="october",10, IF(C42="november",11, IF(C42="december",12, )))))))))))) -> 2 | E42: 120.2 | F42: 119.2 | G42: 122.5 | H42: 115.1 | I42: 106.6 | J42: 115.4 | K42: 114.5 | L42: 109.3 | M42: 99.2 | N42: 111.4 | O42: 112.6 | P42: 118.8 | Q42: 115.3 | R42: 114.7 | S42: 116.4 | T42: 113.3 | U42: 115.9 | V42: 112.5 | W42: 112.4 | X42: 112.8 | Y42: 110.7 | Z42: 108.7 | AA42: 111.8 | AB42: 110.1 | AC42: 111.1 | AD42: 110.9 | AE42: 113.6
A43: Urban | B43: 2014 | C43: February | D43: =IF(C43="January",1, IF(C43="february",2, IF(C43="march",3, IF(C43="april",4, IF(C43="may",5, IF(C43="june",6, IF(C43="july",7, IF(C43="august",8, IF(C43="september",9, IF(C43="october",10, IF(C43="november",11, IF(C43="december",12, )))))))))))) -> 2 | E43: 121.9 | F43: 122 | G43: 124.5 | H43: 115.2 | I43: 102.5 | J43: 114.1 | K43: 111.5 | L43: 108.2 | M43: 95.4 | N43: 113.5 | O43: 112.1 | P43: 119.9 | Q43: 115.2 | R43: 116.2 | S43: 115.3 | T43: 111.7 | U43: 114.7 | V43: 112.5 | W43: 111.1 | X43: 112.6 | Y43: 110.4 | Z43: 108.7 | AA43: 111.6 | AB43: 110.3 | AC43: 111.3 | AD43: 111 | AE43: 113.1
A44: Rural | B44: 2014 | C44: March | D44: =IF(C44="January",1, IF(C44="february",2, IF(C44="march",3, IF(C44="april",4, IF(C44="may",5, IF(C44="june",6, IF(C44="july",7, IF(C44="august",8, IF(C44="september",9, IF(C44="october",10, IF(C44="november",11, IF(C44="december",12, )))))))))))) -> 3 | E44: 120.1 | F44: 118.1 | G44: 120.7 | H44: 116.1 | I44: 109.3 | J44: 119.6 | K44: 117.9 | L44: 110.2 | M44: 101.2 | N44: 110.7 | O44: 113 | P44: 118.3 | Q44: 116.2 | R44: 114.6 | S44: 117.5 | T44: 114.9 | U44: 117.2 | V44: ='Missing values'!V76 -> 113.2 | W44: 113.4 | X44: 113.4 | Y44: 111.4 | Z44: 108.9 | AA44: 112.4 | AB44: 110.2 | AC44: 111.2 | AD44: 111.3 | AE44: 114.6
A45: Rural+Urban | B45: 2014 | C45: March | D45: 3 | E45: 120.7 | F45: 119.3 | G45: 121 | H45: 116.1 | I45: 106.9 | J45: 118.7 | K45: 116.3 | L45: 109.8 | M45: 99.6 | N45: 111.8 | O45: 112.7 | P45: 119.3 | Q45: 116.1 | R45: 115.2 | S45: 116.8 | T45: 113.7 | U45: 116.4 | V45: 113.2 | W45: 112.5 | X45: 113.2 | Y45: 111.2 | Z45: 109 | AA45: 112 | AB45: 110.6 | AC45: 111.4 | AD45: 111.3 | AE45: 114.2
A46: Urban | B46: 2014 | C46: March | D46: =IF(C46="January",1, IF(C46="february",2, IF(C46="march",3, IF(C46="april",4, IF(C46="may",5, IF(C46="june",6, IF(C46="july",7, IF(C46="august",8, IF(C46="september",9, IF(C46="october",10, IF(C46="november",11, IF(C46="december",12, )))))))))))) -> 3 | E46: 122.1 | F46: 121.4 | G46: 121.5 | H46: 116.2 | I46: 102.8 | J46: 117.7 | K46: 113.3 | L46: 108.9 | M46: 96.3 | N46: 114.1 | O46: 112.2 | P46: 120.5 | Q46: 116 | R46: 116.7 | S46: 115.8 | T46: 112.1 | U46: 115.2 | V46: 113.2 | W46: 110.9 | X46: 113 | Y46: 110.8 | Z46: 109.2 | AA46: 111.8 | AB46: 110.9 | AC46: 111.6 | AD46: 111.4 | AE46: 113.7
A47: Rural | B47: 2014 | C47: April | D47: =IF(C47="January",1, IF(C47="february",2, IF(C47="march",3, IF(C47="april",4, IF(C47="may",5, IF(C47="june",6, IF(C47="july",7, IF(C47="august",8, IF(C47="september",9, IF(C47="october",10, IF(C47="november",11, IF(C47="december",12, )))))))))))) -> 4 | E47: 120.2 | F47: 118.9 | G47: 118.1 | H47: 117 | I47: 109.7 | J47: 125.5 | K47: 120.5 | L47: 111 | M47: 102.6 | N47: 111.2 | O47: 113.5 | P47: 118.7 | Q47: 117.2 | R47: 115.4 | S47: 118.1 | T47: 116.1 | U47: 117.8 | V47: ='Missing values'!V109 -> 113.9 | W47: 113.4 | X47: 113.7 | Y47: 111.8 | Z47: 108.9 | AA47: 113 | AB47: 110.5 | AC47: 111.2 | AD47: 111.5 | AE47: 115.4
A48: Rural+Urban | B48: 2014 | C48: April | D48: =IF(C48="January",1, IF(C48="february",2, IF(C48="march",3, IF(C48="april",4, IF(C48="may",5, IF(C48="june",6, IF(C48="july",7, IF(C48="august",8, IF(C48="september",9, IF(C48="october",10, IF(C48="november",11, IF(C48="december",12, )))))))))))) -> 4 | E48: 120.9 | F48: 119.9 | G48: 116.2 | H48: 117 | I48: 107.3 | J48: 126.1 | K48: 120.7 | L48: 111 | M48: 101.8 | N48: 112.6 | O48: 113.2 | P48: 119.8 | Q48: 117.6 | R48: 116 | S48: 117.4 | T48: 114.6 | U48: 117 | V48: 113.9 | W48: 112.5 | X48: 113.6 | Y48: 111.5 | Z48: 109 | AA48: 112.7 | AB48: 110.9 | AC48: 111.2 | AD48: 111.5 | AE48: 115.1
A49: Urban | B49: 2014 | C49: April | D49: =IF(C49="January",1, IF(C49="february",2, IF(C49="march",3, IF(C49="april",4, IF(C49="may",5, IF(C49="june",6, IF(C49="july",7, IF(C49="august",8, IF(C49="september",9, IF(C49="october",10, IF(C49="november",11, IF(C49="december",12, )))))))))))) -> 4 | E49: 122.5 | F49: 121.7 | G49: 113.3 | H49: 117 | I49: 103.1 | J49: 126.7 | K49: 121.2 | L49: 111 | M49: 100.3 | N49: 115.3 | O49: 112.7 | P49: 121 | Q49: 118.2 | R49: 117.6 | S49: 116.3 | T49: 112.5 | U49: 115.7 | V49: 113.9 | W49: 110.9 | X49: 113.4 | Y49: 111 | Z49: 109.1 | AA49: 112.5 | AB49: 111.2 | AC49: 111.2 | AD49: 111.4 | AE49: 114.7
A50: Rural | B50: 2014 | C50: May | D50: =IF(C50="January",1, IF(C50="february",2, IF(C50="march",3, IF(C50="april",4, IF(C50="may",5, IF(C50="june",6, IF(C50="july",7, IF(C50="august",8, IF(C50="september",9, IF(C50="october",10, IF(C50="november",11, IF(C50="december",12, )))))))))))) -> 5 | E50: 120.3 | F50: 120.2 | G50: 116.9 | H50: 118 | I50: 110.1 | J50: 126.3 | K50: 123.9 | L50: 111.5 | M50: 103.5 | N50: 111.6 | O50: 114.2 | P50: 119.2 | Q50: 118.2 | R50: 116.3 | S50: 118.7 | T50: 116.8 | U50: 118.5 | V50: ='Missing values'!V139 -> 114.3 | W50: 113.4 | X50: 114.1 | Y50: 112.1 | Z50: 108.9 | AA50: 113.1 | AB50: 110.9 | AC50: 111.4 | AD50: 111.8 | AE50: 116
A51: Rural+Urban | B51: 2014 | C51: May | D51: =IF(C51="January",1, IF(C51="february",2, IF(C51="march",3, IF(C51="april",4, IF(C51="may",5, IF(C51="june",6, IF(C51="july",7, IF(C51="august",8, IF(C51="september",9, IF(C51="october",10, IF(C51="november",11, IF(C51="december",12, )))))))))))) -> 5 | E51: 121.1 | F51: 121.6 | G51: 115.9 | H51: 118.4 | I51: 107.7 | J51: 127.7 | K51: 125 | L51: 111.9 | M51: 102.8 | N51: 113.4 | O51: 113.7 | P51: 120.4 | Q51: 118.9 | R51: 116.8 | S51: 118 | T51: 115.2 | U51: 117.6 | V51: 114.3 | W51: 112.5 | X51: 114.1 | Y51: 111.8 | Z51: 109.1 | AA51: 113 | AB51: 111.2 | AC51: 111.3 | AD51: 111.8 | AE51: 115.8
A52: Urban | B52: 2014 | C52: May | D52: =IF(C52="January",1, IF(C52="february",2, IF(C52="march",3, IF(C52="april",4, IF(C52="may",5, IF(C52="june",6, IF(C52="july",7, IF(C52="august",8, IF(C52="september",9, IF(C52="october",10, IF(C52="november",11, IF(C52="december",12, )))))))))))) -> 5 | E52: 122.7 | F52: 124.1 | G52: 114.2 | H52: 119.1 | I52: 103.5 | J52: 129.2 | K52: 127 | L52: 112.6 | M52: 101.3 | N52: 117 | O52: 112.9 | P52: 121.7 | Q52: 120 | R52: 118.3 | S52: 116.8 | T52: 112.9 | U52: 116.2 | V52: 114.3 | W52: 111.1 | X52: 114.1 | Y52: 111.2 | Z52: 109.3 | AA52: 112.9 | AB52: 111.5 | AC52: 111.3 | AD52: 111.7 | AE52: 115.6
A53: Rural | B53: 2014 | C53: June | D53: =IF(C53="January",1, IF(C53="february",2, IF(C53="march",3, IF(C53="april",4, IF(C53="may",5, IF(C53="june",6, IF(C53="july",7, IF(C53="august",8, IF(C53="september",9, IF(C53="october",10, IF(C53="november",11, IF(C53="december",12, )))))))))))) -> 6 | E53: 120.7 | F53: 121.6 | G53: 116.1 | H53: 119.3 | I53: 110.3 | J53: 125.8 | K53: 129.3 | L53: 112.2 | M53: 103.6 | N53: 112.3 | O53: 114.9 | P53: 120.1 | Q53: 119.5 | R53: 117.3 | S53: 119.7 | T53: 117.3 | U53: 119.3 | V53: ='Missing values'!V172 -> 113.9 | W53: 114.4 | X53: 114.9 | Y53: 112.8 | Z53: 108 | AA53: 114.3 | AB53: 111.4 | AC53: 112.2 | AD53: 112.3 | AE53: 117
A54: Rural+Urban | B54: 2014 | C54: June | D54: =IF(C54="January",1, IF(C54="february",2, IF(C54="march",3, IF(C54="april",4, IF(C54="may",5, IF(C54="june",6, IF(C54="july",7, IF(C54="august",8, IF(C54="september",9, IF(C54="october",10, IF(C54="november",11, IF(C54="december",12, )))))))))))) -> 6 | E54: 121.5 | F54: 123.1 | G54: 115.8 | H54: 119.7 | I54: 107.8 | J54: 128.3 | K54: 132.1 | L54: 112.4 | M54: 102.9 | N54: 114.3 | O54: 114.2 | P54: 121.2 | Q54: 120.4 | R54: 117.8 | S54: 118.8 | T54: 115.6 | U54: 118.3 | V54: 113.9 | W54: 113.2 | X54: 114.6 | Y54: 112.3 | Z54: 108.3 | AA54: 114.8 | AB54: 111.6 | AC54: 111.8 | AD54: 112.3 | AE54: 116.7
A55: Urban | B55: 2014 | C55: June | D55: =IF(C55="January",1, IF(C55="february",2, IF(C55="march",3, IF(C55="april",4, IF(C55="may",5, IF(C55="june",6, IF(C55="july",7, IF(C55="august",8, IF(C55="september",9, IF(C55="october",10, IF(C55="november",11, IF(C55="december",12, )))))))))))) -> 6 | E55: 123.1 | F55: 125.9 | G55: 115.4 | H55: 120.4 | I55: 103.4 | J55: 131.2 | K55: 137.5 | L55: 112.8 | M55: 101.4 | N55: 118.3 | O55: 113.2 | P55: 122.4 | Q55: 122 | R55: 119 | S55: 117.4 | T55: 113.2 | U55: 116.7 | V55: 113.9 | W55: 111.2 | X55: 114.3 | Y55: 111.4 | Z55: 108.7 | AA55: 115.1 | AB55: 111.8 | AC55: 111.5 | AD55: 112.2 | AE55: 116.4
A56: Rural | B56: 2014 | C56: July | D56: =IF(C56="January",1, IF(C56="february",2, IF(C56="march",3, IF(C56="april",4, IF(C56="may",5, IF(C56="june",6, IF(C56="july",7, IF(C56="august",8, IF(C56="september",9, IF(C56="october",10, IF(C56="november",11, IF(C56="december",12, )))))))))))) -> 7 | E56: 121.7 | F56: 122.5 | G56: 117.7 | H56: 120.6 | I56: 110.4 | J56: 129.1 | K56: 150.1 | L56: 113.2 | M56: 104.8 | N56: 113.3 | O56: 115.6 | P56: 120.9 | Q56: 123.3 | R56: 118 | S56: 120.7 | T56: 118.3 | U56: 120.3 | V56: ='Missing values'!V202 -> 114.8 | W56: 115.3 | X56: 115.4 | Y56: 113.4 | Z56: 108.8 | AA56: 115.5 | AB56: 111.8 | AC56: 113.2 | AD56: 113.1 | AE56: 119.5
A57: Rural+Urban | B57: 2014 | C57: July | D57: =IF(C57="January",1, IF(C57="february",2, IF(C57="march",3, IF(C57="april",4, IF(C57="may",5, IF(C57="june",6, IF(C57="july",7, IF(C57="august",8, IF(C57="september",9, IF(C57="october",10, IF(C57="november",11, IF(C57="december",12, )))))))))))) -> 7 | E57: 122.4 | F57: 123.9 | G57: 117.8 | H57: 121 | I57: 107.9 | J57: 131.2 | K57: 157.7 | L57: 113.2 | M57: 104.1 | N57: 115.5 | O57: 114.8 | P57: 122.1 | Q57: 124.7 | R57: 118.8 | S57: 119.6 | T57: 116.3 | U57: 119.1 | V57: 114.8 | W57: 113.9 | X57: 115.2 | Y57: 112.7 | Z57: 109.2 | AA57: 116.8 | AB57: 112.1 | AC57: 113.1 | AD57: 113.3 | AE57: 119.2
A58: Urban | B58: 2014 | C58: July | D58: =IF(C58="January",1, IF(C58="february",2, IF(C58="march",3, IF(C58="april",4, IF(C58="may",5, IF(C58="june",6, IF(C58="july",7, IF(C58="august",8, IF(C58="september",9, IF(C58="october",10, IF(C58="november",11, IF(C58="december",12, )))))))))))) -> 7 | E58: 123.8 | F58: 126.4 | G58: 118 | H58: 121.6 | I58: 103.5 | J58: 133.7 | K58: 172.4 | L58: 113.1 | M58: 102.7 | N58: 120 | O58: 113.8 | P58: 123.4 | Q58: 127.1 | R58: 121 | S58: 118 | T58: 113.6 | U58: 117.4 | V58: 114.8 | W58: 111.6 | X58: 114.9 | Y58: 111.5 | Z58: 109.7 | AA58: 117.8 | AB58: 112.4 | AC58: 113 | AD58: 113.5 | AE58: 118.9
A59: Rural | B59: 2014 | C59: August | D59: =IF(C59="January",1, IF(C59="february",2, IF(C59="march",3, IF(C59="april",4, IF(C59="may",5, IF(C59="june",6, IF(C59="july",7, IF(C59="august",8, IF(C59="september",9, IF(C59="october",10, IF(C59="november",11, IF(C59="december",12, )))))))))))) -> 8 | E59: 121.8 | F59: 122.8 | G59: 117.8 | H59: 121.9 | I59: 110.6 | J59: 129.7 | K59: 161.1 | L59: 114.1 | M59: 105.1 | N59: 114.6 | O59: 115.8 | P59: 121.7 | Q59: 125.3 | R59: 118.8 | S59: 120.9 | T59: 118.8 | U59: 120.7 | V59: ='Missing values'!V232 -> 115.5 | W59: 115.4 | X59: 115.9 | Y59: 114 | Z59: 109.4 | AA59: 116.2 | AB59: 112.2 | AC59: 113.2 | AD59: 113.5 | AE59: 120.7
A60: Rural+Urban | B60: 2014 | C60: August | D60: =IF(C60="January",1, IF(C60="february",2, IF(C60="march",3, IF(C60="april",4, IF(C60="may",5, IF(C60="june",6, IF(C60="july",7, IF(C60="august",8, IF(C60="september",9, IF(C60="october",10, IF(C60="november",11, IF(C60="december",12, )))))))))))) -> 8 | E60: 122.7 | F60: 124.4 | G60: 117.3 | H60: 122 | I60: 108 | J60: 131.1 | K60: 168.2 | L60: 114.5 | M60: 104.3 | N60: 117.1 | O60: 115.2 | P60: 123.1 | Q60: 126.6 | R60: 119.9 | S60: 120 | T60: 116.8 | U60: 119.6 | V60: 115.5 | W60: 114 | X60: 115.6 | Y60: 113.3 | Z60: 109.9 | AA60: 118 | AB60: 112.6 | AC60: 112.8 | AD60: 113.7 | AE60: 120.3
A61: Urban | B61: 2014 | C61: August | D61: =IF(C61="January",1, IF(C61="february",2, IF(C61="march",3, IF(C61="april",4, IF(C61="may",5, IF(C61="june",6, IF(C61="july",7, IF(C61="august",8, IF(C61="september",9, IF(C61="october",10, IF(C61="november",11, IF(C61="december",12, )))))))))))) -> 8 | E61: 124.8 | F61: 127.3 | G61: 116.5 | H61: 122.2 | I61: 103.6 | J61: 132.7 | K61: 181.9 | L61: 115.2 | M61: 102.7 | N61: 122.1 | O61: 114.4 | P61: 124.7 | Q61: 128.9 | R61: 123 | S61: 118.6 | T61: 114.1 | U61: 117.9 | V61: 115.5 | W61: 111.8 | X61: 115.3 | Y61: 112.2 | Z61: 110.5 | AA61: 119.2 | AB61: 112.9 | AC61: 112.5 | AD61: 113.9 | AE61: 119.9
A62: Rural | B62: 2014 | C62: September | D62: =IF(C62="January",1, IF(C62="february",2, IF(C62="march",3, IF(C62="april",4, IF(C62="may",5, IF(C62="june",6, IF(C62="july",7, IF(C62="august",8, IF(C62="september",9, IF(C62="october",10, IF(C62="november",11, IF(C62="december",12, )))))))))))) -> 9 | E62: 122.3 | F62: 122.4 | G62: 117.8 | H62: 122.7 | I62: 110.4 | J62: 129.8 | K62: 158.8 | L62: 115 | M62: 104.7 | N62: 114.9 | O62: 116.5 | P62: 122.6 | Q62: 125.3 | R62: 119.5 | S62: 121.7 | T62: 119.2 | U62: 121.3 | V62: ='Missing values'!V262 -> 116.1 | W62: 115.8 | X62: 116.7 | Y62: 114.5 | Z62: 109.1 | AA62: 116.6 | AB62: 112.6 | AC62: 112.8 | AD62: 113.7 | AE62: 120.9
A63: Rural+Urban | B63: 2014 | C63: September | D63: =IF(C63="January",1, IF(C63="february",2, IF(C63="march",3, IF(C63="april",4, IF(C63="may",5, IF(C63="june",6, IF(C63="july",7, IF(C63="august",8, IF(C63="september",9, IF(C63="october",10, IF(C63="november",11, IF(C63="december",12, )))))))))))) -> 9 | E63: 122.9 | F63: 123.5 | G63: 117.3 | H63: 122.7 | I63: 107.9 | J63: 127.3 | K63: 162.1 | L63: 115.6 | M63: 103.8 | N63: 117.6 | O63: 115.8 | P63: 123.8 | Q63: 125.8 | R63: 120.8 | S63: 120.7 | T63: 117.2 | U63: 120.1 | V63: 116.1 | W63: 114.3 | X63: 116.1 | Y63: 113.7 | Z63: 109.5 | AA63: 118.6 | AB63: 113.1 | AC63: 112 | AD63: 113.7 | AE63: 120.1
A64: Urban | B64: 2014 | C64: September | D64: =IF(C64="January",1, IF(C64="february",2, IF(C64="march",3, IF(C64="april",4, IF(C64="may",5, IF(C64="june",6, IF(C64="july",7, IF(C64="august",8, IF(C64="september",9, IF(C64="october",10, IF(C64="november",11, IF(C64="december",12, )))))))))))) -> 9 | E64: 124.2 | F64: 125.4 | G64: 116.4 | H64: 122.7 | I64: 103.5 | J64: 124.5 | K64: 168.6 | L64: 116.9 | M64: 101.9 | N64: 122.9 | O64: 114.8 | P64: 125.2 | Q64: 126.7 | R64: 124.3 | S64: 119.2 | T64: 114.5 | U64: 118.4 | V64: 116.1 | W64: 111.8 | X64: 115.5 | Y64: 112.3 | Z64: 110 | AA64: 120 | AB64: 113.4 | AC64: 111.2 | AD64: 113.6 | AE64: 119.2
A65: Rural | B65: 2014 | C65: October | D65: =IF(C65="January",1, IF(C65="february",2, IF(C65="march",3, IF(C65="april",4, IF(C65="may",5, IF(C65="june",6, IF(C65="july",7, IF(C65="august",8, IF(C65="september",9, IF(C65="october",10, IF(C65="november",11, IF(C65="december",12, )))))))))))) -> 10 | E65: 122.6 | F65: 122.5 | G65: 118.3 | H65: 123.2 | I65: 110.5 | J65: 128.9 | K65: 155.3 | L65: 115.5 | M65: 104 | N65: 115.3 | O65: 116.8 | P65: 123.2 | Q65: 125.1 | R65: 120 | S65: 122.7 | T65: 120.3 | U65: 122.3 | V65: ='Missing values'!V292 -> 116.7 | W65: 116.4 | X65: 117.5 | Y65: 115.3 | Z65: 109.3 | AA65: 116.9 | AB65: 113 | AC65: 112.6 | AD65: 114 | AE65: 121
A66: Rural+Urban | B66: 2014 | C66: October | D66: =IF(C66="January",1, IF(C66="february",2, IF(C66="march",3, IF(C66="april",4, IF(C66="may",5, IF(C66="june",6, IF(C66="july",7, IF(C66="august",8, IF(C66="september",9, IF(C66="october",10, IF(C66="november",11, IF(C66="december",12, )))))))))))) -> 10 | E66: 123.2 | F66: 123.8 | G66: 118.1 | H66: 123.2 | I66: 107.9 | J66: 126.4 | K66: 156.8 | L66: 116.1 | M66: 103.1 | N66: 118.1 | O66: 116.1 | P66: 124.5 | Q66: 125.4 | R66: 121.1 | S66: 121.5 | T66: 118.1 | U66: 121 | V66: 116.7 | W66: 114.7 | X66: 116.7 | Y66: 114.3 | Z66: 109.6 | AA66: 118.8 | AB66: 113.3 | AC66: 111.8 | AD66: 113.9 | AE66: 120.1
A67: Urban | B67: 2014 | C67: October | D67: =IF(C67="January",1, IF(C67="february",2, IF(C67="march",3, IF(C67="april",4, IF(C67="may",5, IF(C67="june",6, IF(C67="july",7, IF(C67="august",8, IF(C67="september",9, IF(C67="october",10, IF(C67="november",11, IF(C67="december",12, )))))))))))) -> 10 | E67: 124.6 | F67: 126.1 | G67: 117.8 | H67: 123.1 | I67: 103.5 | J67: 123.5 | K67: 159.6 | L67: 117.4 | M67: 101.2 | N67: 123.8 | O67: 115.2 | P67: 125.9 | Q67: 125.8 | R67: 124.3 | S67: 119.6 | T67: 114.9 | U67: 118.9 | V67: 116.7 | W67: 112 | X67: 115.8 | Y67: 112.6 | Z67: 110.1 | AA67: 120.2 | AB67: 113.6 | AC67: 111 | AD67: 113.7 | AE67: 119.1
A68: Rural | B68: 2014 | C68: November | D68: =IF(C68="January",1, IF(C68="february",2, IF(C68="march",3, IF(C68="april",4, IF(C68="may",5, IF(C68="june",6, IF(C68="july",7, IF(C68="august",8, IF(C68="september",9, IF(C68="october",10, IF(C68="november",11, IF(C68="december",12, )))))))))))) -> 11 | E68: 122.7 | F68: 122.6 | G68: 119.9 | H68: 124 | I68: 110.5 | J68: 128.8 | K68: 152 | L68: 116.2 | M68: 103.3 | N68: 115.8 | O68: 116.8 | P68: 124.5 | Q68: 124.9 | R68: 120.8 | S68: 123.3 | T68: 120.5 | U68: 122.9 | V68: ='Missing values'!V322 -> 117.1 | W68: 117.3 | X68: 118.1 | Y68: 115.9 | Z68: 108.8 | AA68: 117.2 | AB68: 113.3 | AC68: 112 | AD68: 114.1 | AE68: 121.1
A69: Rural+Urban | B69: 2014 | C69: November | D69: =IF(C69="January",1, IF(C69="february",2, IF(C69="march",3, IF(C69="april",4, IF(C69="may",5, IF(C69="june",6, IF(C69="july",7, IF(C69="august",8, IF(C69="september",9, IF(C69="october",10, IF(C69="november",11, IF(C69="december",12, )))))))))))) -> 11 | E69: 123.3 | F69: 123.7 | G69: 121 | H69: 124.2 | I69: 107.8 | J69: 125.7 | K69: 152.4 | L69: 117.2 | M69: 102.1 | N69: 118.7 | O69: 116.4 | P69: 125.6 | Q69: 125.1 | R69: 122.1 | S69: 122.1 | T69: 118.4 | U69: 121.6 | V69: 117.1 | W69: 115.5 | X69: 117.3 | Y69: 114.8 | Z69: 109.1 | AA69: 119 | AB69: 113.7 | AC69: 110.8 | AD69: 113.8 | AE69: 120.1
A70: Urban | B70: 2014 | C70: November | D70: =IF(C70="January",1, IF(C70="february",2, IF(C70="march",3, IF(C70="april",4, IF(C70="may",5, IF(C70="june",6, IF(C70="july",7, IF(C70="august",8, IF(C70="september",9, IF(C70="october",10, IF(C70="november",11, IF(C70="december",12, )))))))))))) -> 11 | E70: 124.5 | F70: 125.6 | G70: 122.7 | H70: 124.6 | I70: 103.2 | J70: 122.2 | K70: 153.2 | L70: 119.3 | M70: 99.8 | N70: 124.6 | O70: 115.8 | P70: 126.9 | Q70: 125.4 | R70: 125.8 | S70: 120.3 | T70: 115.4 | U70: 119.5 | V70: 117.1 | W70: 112.6 | X70: 116.4 | Y70: 113 | Z70: 109.6 | AA70: 120.3 | AB70: 114 | AC70: 109.7 | AD70: 113.4 | AE70: 119
A71: Rural | B71: 2014 | C71: December | D71: =IF(C71="January",1, IF(C71="february",2, IF(C71="march",3, IF(C71="april",4, IF(C71="may",5, IF(C71="june",6, IF(C71="july",7, IF(C71="august",8, IF(C71="september",9, IF(C71="october",10, IF(C71="november",11, IF(C71="december",12, )))))))))))) -> 12 | E71: 122.4 | F71: 122.4 | G71: 121.8 | H71: 124.2 | I71: 110.2 | J71: 128.6 | K71: 140.3 | L71: 116.3 | M71: 102 | N71: 116 | O71: 117.3 | P71: 124.8 | Q71: 123.3 | R71: 121.7 | S71: 123.8 | T71: 120.6 | U71: 123.3 | V71: ='Missing values'!V352 -> 116.5 | W71: 117.4 | X71: 118.2 | Y71: 116.2 | Z71: 109.4 | AA71: 117.7 | AB71: 113.3 | AC71: 111.5 | AD71: 114.2 | AE71: 120.3
A72: Rural+Urban | B72: 2014 | C72: December | D72: =IF(C72="January",1, IF(C72="february",2, IF(C72="march",3, IF(C72="april",4, IF(C72="may",5, IF(C72="june",6, IF(C72="july",7, IF(C72="august",8, IF(C72="september",9, IF(C72="october",10, IF(C72="november",11, IF(C72="december",12, )))))))))))) -> 12 | E72: 122.9 | F72: 123.2 | G72: 123.5 | H72: 124.5 | I72: 107.6 | J72: 125.7 | K72: 140.5 | L72: 117.6 | M72: 100.6 | N72: 119.1 | O72: 116.8 | P72: 126.1 | Q72: 123.6 | R72: 123 | S72: 122.6 | T72: 118.6 | U72: 122 | V72: 116.5 | W72: 115.7 | X72: 117.5 | Y72: 115.1 | Z72: 109.8 | AA72: 119.5 | AB72: 113.9 | AC72: 110.1 | AD72: 113.8 | AE72: 119.4
A73: Urban | B73: 2014 | C73: December | D73: =IF(C73="January",1, IF(C73="february",2, IF(C73="march",3, IF(C73="april",4, IF(C73="may",5, IF(C73="june",6, IF(C73="july",7, IF(C73="august",8, IF(C73="september",9, IF(C73="october",10, IF(C73="november",11, IF(C73="december",12, )))))))))))) -> 12 | E73: 124 | F73: 124.7 | G73: 126.3 | H73: 124.9 | I73: 103 | J73: 122.3 | K73: 141 | L73: 120.1 | M73: 97.8 | N73: 125.4 | O73: 116.1 | P73: 127.6 | Q73: 124 | R73: 126.4 | S73: 120.7 | T73: 115.8 | U73: 120 | V73: 116.5 | W73: 113 | X73: 116.8 | Y73: 113.2 | Z73: 110.4 | AA73: 120.7 | AB73: 114.3 | AC73: 108.8 | AD73: 113.4 | AE73: 118.4
A74: Rural | B74: 2015 | C74: January | D74: =IF(C74="January",1, IF(C74="february",2, IF(C74="march",3, IF(C74="april",4, IF(C74="may",5, IF(C74="june",6, IF(C74="july",7, IF(C74="august",8, IF(C74="september",9, IF(C74="october",10, IF(C74="november",11, IF(C74="december",12, )))))))))))) -> 1 | E74: 123.1 | F74: 123.1 | G74: 122.1 | H74: 124.9 | I74: 111 | J74: 130.4 | K74: 132.3 | L74: 117.2 | M74: 100.5 | N74: 117.2 | O74: 117.9 | P74: 125.6 | Q74: 122.8 | R74: 122.7 | S74: 124.4 | T74: 121.6 | U74: 124 | V74: ='Missing values'!V13 -> 117.3 | W74: 118.4 | X74: 118.9 | Y74: 116.6 | Z74: 110.2 | AA74: 118.2 | AB74: 114 | AC74: 111 | AD74: 114.5 | AE74: 120.3
A75: Rural+Urban | B75: 2015 | C75: January | D75: =IF(C75="January",1, IF(C75="february",2, IF(C75="march",3, IF(C75="april",4, IF(C75="may",5, IF(C75="june",6, IF(C75="july",7, IF(C75="august",8, IF(C75="september",9, IF(C75="october",10, IF(C75="november",11, IF(C75="december",12, )))))))))))) -> 1 | E75: 123.4 | F75: 123.9 | G75: 123.8 | H75: 125 | I75: 108.5 | J75: 126.2 | K75: 133 | L75: 119.1 | M75: 99 | N75: 120.3 | O75: 117.3 | P75: 126.7 | Q75: 123.1 | R75: 124 | S75: 123.1 | T75: 119.3 | U75: 122.5 | V75: 117.3 | W75: 116.5 | X75: 118.1 | Y75: 115.5 | Z75: 110.7 | AA75: 119.7 | AB75: 114.3 | AC75: 109.4 | AD75: 114 | AE75: 119.5
A76: Urban | B76: 2015 | C76: January | D76: =IF(C76="January",1, IF(C76="february",2, IF(C76="march",3, IF(C76="april",4, IF(C76="may",5, IF(C76="june",6, IF(C76="july",7, IF(C76="august",8, IF(C76="september",9, IF(C76="october",10, IF(C76="november",11, IF(C76="december",12, )))))))))))) -> 1 | E76: 124 | F76: 125.5 | G76: 126.6 | H76: 125.2 | I76: 104.3 | J76: 121.3 | K76: 134.4 | L76: 122.9 | M76: 96.1 | N76: 126.6 | O76: 116.5 | P76: 128 | Q76: 123.5 | R76: 127.4 | S76: 121 | T76: 116.1 | U76: 120.2 | V76: 117.3 | W76: 113.4 | X76: 117.2 | Y76: 113.7 | Z76: 111.4 | AA76: 120.8 | AB76: 114.6 | AC76: 107.9 | AD76: 113.4 | AE76: 118.5
A77: Rural | B77: 2015 | C77: February | D77: =IF(C77="January",1, IF(C77="february",2, IF(C77="march",3, IF(C77="april",4, IF(C77="may",5, IF(C77="june",6, IF(C77="july",7, IF(C77="august",8, IF(C77="september",9, IF(C77="october",10, IF(C77="november",11, IF(C77="december",12, )))))))))))) -> 2 | E77: 123.4 | F77: 124.4 | G77: 122.1 | H77: 125.8 | I77: 111.5 | J77: 129.4 | K77: 128.2 | L77: 118.8 | M77: 100 | N77: 118.6 | O77: 118.8 | P77: 126.8 | Q77: 122.8 | R77: 124.2 | S77: 125.4 | T77: 122.7 | U77: 125 | V77: ='Missing values'!V46 -> 118.1 | W77: 120 | X77: 119.6 | Y77: 117.7 | Z77: 110.8 | AA77: 118.7 | AB77: 114.8 | AC77: 110.9 | AD77: 115 | AE77: 120.6
A78: Rural+Urban | B78: 2015 | C78: February | D78: =IF(C78="January",1, IF(C78="february",2, IF(C78="march",3, IF(C78="april",4, IF(C78="may",5, IF(C78="june",6, IF(C78="july",7, IF(C78="august",8, IF(C78="september",9, IF(C78="october",10, IF(C78="november",11, IF(C78="december",12, )))))))))))) -> 2 | E78: 123.7 | F78: 125.1 | G78: 121.1 | H78: 125.7 | I78: 109.1 | J78: 125.8 | K78: 129.4 | L78: 120.9 | M78: 98.3 | N78: 121.6 | O78: 118 | P78: 127.6 | Q78: 123.1 | R78: 125.2 | S78: 123.8 | T78: 120.1 | U78: 123.3 | V78: 118.1 | W78: 117.7 | X78: 118.7 | Y78: 116.3 | Z78: 111.2 | AA78: 119.7 | AB78: 114.9 | AC78: 108.7 | AD78: 114.1 | AE78: 119.7
A79: Urban | B79: 2015 | C79: February | D79: =IF(C79="January",1, IF(C79="february",2, IF(C79="march",3, IF(C79="april",4, IF(C79="may",5, IF(C79="june",6, IF(C79="july",7, IF(C79="august",8, IF(C79="september",9, IF(C79="october",10, IF(C79="november",11, IF(C79="december",12, )))))))))))) -> 2 | E79: 124.3 | F79: 126.5 | G79: 119.5 | H79: 125.6 | I79: 104.9 | J79: 121.6 | K79: 131.8 | L79: 125.1 | M79: 95 | N79: 127.7 | O79: 116.8 | P79: 128.6 | Q79: 123.7 | R79: 128.1 | S79: 121.3 | T79: 116.5 | U79: 120.6 | V79: 118.1 | W79: 114 | X79: 117.7 | Y79: 114.1 | Z79: 111.7 | AA79: 120.4 | AB79: 114.9 | AC79: 106.8 | AD79: 113.2 | AE79: 118.7
A80: Rural | B80: 2015 | C80: March | D80: =IF(C80="January",1, IF(C80="february",2, IF(C80="march",3, IF(C80="april",4, IF(C80="may",5, IF(C80="june",6, IF(C80="july",7, IF(C80="august",8, IF(C80="september",9, IF(C80="october",10, IF(C80="november",11, IF(C80="december",12, )))))))))))) -> 3 | E80: 123.3 | F80: 124.7 | G80: 118.9 | H80: 126 | I80: 111.8 | J80: 130.9 | K80: 128 | L80: 119.9 | M80: 98.9 | N80: 119.4 | O80: 118.9 | P80: 127.7 | Q80: 123.1 | R80: 124.7 | S80: 126 | T80: 122.9 | U80: 125.5 | V80: ='Missing values'!V79 -> 118.6 | W80: 120.6 | X80: 120.2 | Y80: 118.2 | Z80: 110.8 | AA80: 119.4 | AB80: 115.5 | AC80: 111.6 | AD80: 115.5 | AE80: 121.1
A81: Rural+Urban | B81: 2015 | C81: March | D81: =IF(C81="January",1, IF(C81="february",2, IF(C81="march",3, IF(C81="april",4, IF(C81="may",5, IF(C81="june",6, IF(C81="july",7, IF(C81="august",8, IF(C81="september",9, IF(C81="october",10, IF(C81="november",11, IF(C81="december",12, )))))))))))) -> 3 | E81: 123.5 | F81: 125.4 | G81: 116.8 | H81: 126 | I81: 109.2 | J81: 127.6 | K81: 129.2 | L81: 122.4 | M81: 97 | N81: 122.1 | O81: 118.1 | P81: 128.4 | Q81: 123.4 | R81: 125.8 | S81: 124.3 | T81: 120.4 | U81: 123.7 | V81: 118.6 | W81: 118.3 | X81: 119.2 | Y81: 116.7 | Z81: 111 | AA81: 120.1 | AB81: 115.4 | AC81: 109.9 | AD81: 114.7 | AE81: 120.2
A82: Urban | B82: 2015 | C82: March | D82: =IF(C82="January",1, IF(C82="february",2, IF(C82="march",3, IF(C82="april",4, IF(C82="may",5, IF(C82="june",6, IF(C82="july",7, IF(C82="august",8, IF(C82="september",9, IF(C82="october",10, IF(C82="november",11, IF(C82="december",12, )))))))))))) -> 3 | E82: 124 | F82: 126.7 | G82: 113.5 | H82: 125.9 | I82: 104.8 | J82: 123.8 | K82: 131.4 | L82: 127.2 | M82: 93.2 | N82: 127.4 | O82: 117 | P82: 129.2 | Q82: 123.9 | R82: 128.8 | S82: 121.7 | T82: 116.9 | U82: 120.9 | V82: 118.6 | W82: 114.4 | X82: 118 | Y82: 114.3 | Z82: 111.3 | AA82: 120.6 | AB82: 115.4 | AC82: 108.4 | AD82: 113.8 | AE82: 119.1
A83: Rural | B83: 2015 | C83: April | D83: =IF(C83="January",1, IF(C83="february",2, IF(C83="march",3, IF(C83="april",4, IF(C83="may",5, IF(C83="june",6, IF(C83="july",7, IF(C83="august",8, IF(C83="september",9, IF(C83="october",10, IF(C83="november",11, IF(C83="december",12, )))))))))))) -> 4 | E83: 123.3 | F83: 125.5 | G83: 117.2 | H83: 126.8 | I83: 111.9 | J83: 134.2 | K83: 127.5 | L83: 121.5 | M83: 97.8 | N83: 119.8 | O83: 119.4 | P83: 128.7 | Q83: 123.6 | R83: 125.7 | S83: 126.4 | T83: 123.3 | U83: 126 | V83: ='Missing values'!V112 -> 119.2 | W83: 121.2 | X83: 120.9 | Y83: 118.6 | Z83: 111.6 | AA83: 119.9 | AB83: 116.2 | AC83: 111.9 | AD83: 116 | AE83: 121.5
A84: Rural+Urban | B84: 2015 | C84: April | D84: =IF(C84="January",1, IF(C84="february",2, IF(C84="march",3, IF(C84="april",4, IF(C84="may",5, IF(C84="june",6, IF(C84="july",7, IF(C84="august",8, IF(C84="september",9, IF(C84="october",10, IF(C84="november",11, IF(C84="december",12, )))))))))))) -> 4 | E84: 123.5 | F84: 126.4 | G84: 114.4 | H84: 126.6 | I84: 109.2 | J84: 132.5 | K84: 128.6 | L84: 124.8 | M84: 95.7 | N84: 122.4 | O84: 118.5 | P84: 129.1 | Q84: 124 | R84: 126.9 | S84: 124.7 | T84: 120.8 | U84: 124.1 | V84: 119.2 | W84: 118.7 | X84: 119.7 | Y84: 117.1 | Z84: 111.7 | AA84: 121 | AB84: 115.9 | AC84: 110.1 | AD84: 115.1 | AE84: 120.7
A85: Urban | B85: 2015 | C85: April | D85: =IF(C85="January",1, IF(C85="february",2, IF(C85="march",3, IF(C85="april",4, IF(C85="may",5, IF(C85="june",6, IF(C85="july",7, IF(C85="august",8, IF(C85="september",9, IF(C85="october",10, IF(C85="november",11, IF(C85="december",12, )))))))))))) -> 4 | E85: 123.8 | F85: 128.2 | G85: 110 | H85: 126.3 | I85: 104.5 | J85: 130.6 | K85: 130.8 | L85: 131.3 | M85: 91.6 | N85: 127.7 | O85: 117.2 | P85: 129.5 | Q85: 124.6 | R85: 130.1 | S85: 122.1 | T85: 117.2 | U85: 121.3 | V85: 119.2 | W85: 114.7 | X85: 118.4 | Y85: 114.6 | Z85: 111.8 | AA85: 121.7 | AB85: 115.6 | AC85: 108.4 | AD85: 114.2 | AE85: 119.7
A86: Rural | B86: 2015 | C86: May | D86: =IF(C86="January",1, IF(C86="february",2, IF(C86="march",3, IF(C86="april",4, IF(C86="may",5, IF(C86="june",6, IF(C86="july",7, IF(C86="august",8, IF(C86="september",9, IF(C86="october",10, IF(C86="november",11, IF(C86="december",12, )))))))))))) -> 5 | E86: 123.5 | F86: 127.1 | G86: 117.3 | H86: 127.7 | I86: 112.5 | J86: 134.1 | K86: 128.5 | L86: 124.3 | M86: 97.6 | N86: 120.7 | O86: 120.2 | P86: 129.8 | Q86: 124.4 | R86: 126.7 | S86: 127.3 | T86: 124.1 | U86: 126.8 | V86: ='Missing values'!V142 -> 119.6 | W86: 121.9 | X86: 121.5 | Y86: 119.4 | Z86: 112.3 | AA86: 120.5 | AB86: 116.7 | AC86: 113.3 | AD86: 116.9 | AE86: 122.4
A87: Rural+Urban | B87: 2015 | C87: May | D87: =IF(C87="January",1, IF(C87="february",2, IF(C87="march",3, IF(C87="april",4, IF(C87="may",5, IF(C87="june",6, IF(C87="july",7, IF(C87="august",8, IF(C87="september",9, IF(C87="october",10, IF(C87="november",11, IF(C87="december",12, )))))))))))) -> 5 | E87: 123.6 | F87: 128 | G87: 115 | H87: 127.3 | I87: 109.8 | J87: 132.6 | K87: 130.9 | L87: 130.5 | M87: 95.3 | N87: 123.4 | O87: 119.2 | P87: 129.8 | Q87: 125 | R87: 127.9 | S87: 125.4 | T87: 121.3 | U87: 124.7 | V87: 119.6 | W87: 119.2 | X87: 120.2 | Y87: 117.7 | Z87: 112.3 | AA87: 121.4 | AB87: 116.3 | AC87: 112 | AD87: 116.1 | AE87: 121.6
A88: Urban | B88: 2015 | C88: May | D88: =IF(C88="January",1, IF(C88="february",2, IF(C88="march",3, IF(C88="april",4, IF(C88="may",5, IF(C88="june",6, IF(C88="july",7, IF(C88="august",8, IF(C88="september",9, IF(C88="october",10, IF(C88="november",11, IF(C88="december",12, )))))))))))) -> 5 | E88: 123.8 | F88: 129.7 | G88: 111.3 | H88: 126.6 | I88: 105.2 | J88: 130.8 | K88: 135.6 | L88: 142.6 | M88: 90.8 | N88: 128.8 | O88: 117.7 | P88: 129.9 | Q88: 126.1 | R88: 131.3 | S88: 122.4 | T88: 117.4 | U88: 121.6 | V88: 119.6 | W88: 114.9 | X88: 118.7 | Y88: 114.9 | Z88: 112.4 | AA88: 122 | AB88: 116 | AC88: 110.8 | AD88: 115.2 | AE88: 120.7
A89: Rural | B89: 2015 | C89: June | D89: =IF(C89="January",1, IF(C89="february",2, IF(C89="march",3, IF(C89="april",4, IF(C89="may",5, IF(C89="june",6, IF(C89="july",7, IF(C89="august",8, IF(C89="september",9, IF(C89="october",10, IF(C89="november",11, IF(C89="december",12, )))))))))))) -> 6 | E89: 124.1 | F89: 130.4 | G89: 122.1 | H89: 128.7 | I89: 114.1 | J89: 133.2 | K89: 135.2 | L89: 131.9 | M89: 96.3 | N89: 123 | O89: 121.1 | P89: 131.2 | Q89: 126.6 | R89: 128.2 | S89: 128.4 | T89: 125.1 | U89: 128 | V89: ='Missing values'!V175 -> 119 | W89: 122.6 | X89: 122.8 | Y89: 120.4 | Z89: 113 | AA89: 122 | AB89: 117.9 | AC89: 114.2 | AD89: 117.9 | AE89: 124.1
A90: Rural+Urban | B90: 2015 | C90: June | D90: =IF(C90="January",1, IF(C90="february",2, IF(C90="march",3, IF(C90="april",4, IF(C90="may",5, IF(C90="june",6, IF(C90="july",7, IF(C90="august",8, IF(C90="september",9, IF(C90="october",10, IF(C90="november",11, IF(C90="december",12, )))))))))))) -> 6 | E90: 123.9 | F90: 131.8 | G90: 121.6 | H90: 128.2 | I90: 111.1 | J90: 132.8 | K90: 139.1 | L90: 137.4 | M90: 94.1 | N90: 125.5 | O90: 119.8 | P90: 130.9 | Q90: 127.3 | R90: 129.2 | S90: 126.4 | T90: 122 | U90: 125.7 | V90: 119 | W90: 119.8 | X90: 121.1 | Y90: 118.5 | Z90: 112.8 | AA90: 123.1 | AB90: 116.9 | AC90: 112.9 | AD90: 117 | AE90: 123
A91: Urban | B91: 2015 | C91: June | D91: =IF(C91="January",1, IF(C91="february",2, IF(C91="march",3, IF(C91="april",4, IF(C91="may",5, IF(C91="june",6, IF(C91="july",7, IF(C91="august",8, IF(C91="september",9, IF(C91="october",10, IF(C91="november",11, IF(C91="december",12, )))))))))))) -> 6 | E91: 123.6 | F91: 134.4 | G91: 120.9 | H91: 127.3 | I91: 106 | J91: 132.3 | K91: 146.7 | L91: 148.1 | M91: 89.8 | N91: 130.5 | O91: 118 | P91: 130.5 | Q91: 128.5 | R91: 132.1 | S91: 123.2 | T91: 117.6 | U91: 122.3 | V91: 119 | W91: 115.1 | X91: 119.2 | Y91: 115.4 | Z91: 112.5 | AA91: 123.8 | AB91: 116.2 | AC91: 111.7 | AD91: 116 | AE91: 121.7
A92: Rural | B92: 2015 | C92: July | D92: =IF(C92="January",1, IF(C92="february",2, IF(C92="march",3, IF(C92="april",4, IF(C92="may",5, IF(C92="june",6, IF(C92="july",7, IF(C92="august",8, IF(C92="september",9, IF(C92="october",10, IF(C92="november",11, IF(C92="december",12, )))))))))))) -> 7 | E92: 124 | F92: 131.5 | G92: 122 | H92: 128.7 | I92: 113.5 | J92: 133.3 | K92: 140.8 | L92: 133.8 | M92: 94.1 | N92: 123.4 | O92: 121 | P92: 131.7 | Q92: 127.5 | R92: 129.4 | S92: 128.8 | T92: 125.5 | U92: 128.3 | V92: ='Missing values'!V205 -> 119.9 | W92: 123 | X92: 123 | Y92: 120.8 | Z92: 112.7 | AA92: 122.9 | AB92: 118 | AC92: 114.1 | AD92: 118.1 | AE92: 124.7
A93: Rural+Urban | B93: 2015 | C93: July | D93: =IF(C93="January",1, IF(C93="february",2, IF(C93="march",3, IF(C93="april",4, IF(C93="may",5, IF(C93="june",6, IF(C93="july",7, IF(C93="august",8, IF(C93="september",9, IF(C93="october",10, IF(C93="november",11, IF(C93="december",12, )))))))))))) -> 7 | E93: 123.7 | F93: 132.5 | G93: 121 | H93: 128.3 | I93: 110.9 | J93: 133.1 | K93: 145.1 | L93: 139.1 | M93: 91.3 | N93: 126.1 | O93: 119.9 | P93: 131.4 | Q93: 128.2 | R93: 130.4 | S93: 126.7 | T93: 122.3 | U93: 126.1 | V93: 119.9 | W93: 120.1 | X93: 121.3 | Y93: 119 | Z93: 112.3 | AA93: 124.4 | AB93: 117.2 | AC93: 112.7 | AD93: 117.2 | AE93: 123.6
A94: Urban | B94: 2015 | C94: July | D94: =IF(C94="January",1, IF(C94="february",2, IF(C94="march",3, IF(C94="april",4, IF(C94="may",5, IF(C94="june",6, IF(C94="july",7, IF(C94="august",8, IF(C94="september",9, IF(C94="october",10, IF(C94="november",11, IF(C94="december",12, )))))))))))) -> 7 | E94: 123.2 | F94: 134.3 | G94: 119.5 | H94: 127.7 | I94: 106.3 | J94: 132.8 | K94: 153.5 | L94: 149.5 | M94: 85.7 | N94: 131.5 | O94: 118.3 | P94: 131.1 | Q94: 129.5 | R94: 133.1 | S94: 123.5 | T94: 117.9 | U94: 122.7 | V94: 119.9 | W94: 115.3 | X94: 119.5 | Y94: 116 | Z94: 111.7 | AA94: 125.4 | AB94: 116.6 | AC94: 111.5 | AD94: 116.3 | AE94: 122.4
A95: Rural | B95: 2015 | C95: August | D95: =IF(C95="January",1, IF(C95="february",2, IF(C95="march",3, IF(C95="april",4, IF(C95="may",5, IF(C95="june",6, IF(C95="july",7, IF(C95="august",8, IF(C95="september",9, IF(C95="october",10, IF(C95="november",11, IF(C95="december",12, )))))))))))) -> 8 | E95: 124.7 | F95: 131.3 | G95: 121.3 | H95: 128.8 | I95: 114 | J95: 134.2 | K95: 153.6 | L95: 137.9 | M95: 93.1 | N95: 123.9 | O95: 121.5 | P95: 132.5 | Q95: 129.8 | R95: 130.1 | S95: 129.5 | T95: 126.3 | U95: 129 | V95: ='Missing values'!V235 -> 120.9 | W95: 123.8 | X95: 123.7 | Y95: 121.1 | Z95: 112.5 | AA95: 123.6 | AB95: 118.5 | AC95: 113.6 | AD95: 118.2 | AE95: 126.1
A96: Rural+Urban | B96: 2015 | C96: August | D96: =IF(C96="January",1, IF(C96="february",2, IF(C96="march",3, IF(C96="april",4, IF(C96="may",5, IF(C96="june",6, IF(C96="july",7, IF(C96="august",8, IF(C96="september",9, IF(C96="october",10, IF(C96="november",11, IF(C96="december",12, )))))))))))) -> 8 | E96: 124.2 | F96: 131.4 | G96: 120.1 | H96: 128.5 | I96: 111.4 | J96: 132.3 | K96: 157.6 | L96: 144 | M96: 90.5 | N96: 126.8 | O96: 120.4 | P96: 132.1 | Q96: 130.3 | R96: 131.2 | S96: 127.2 | T96: 122.9 | U96: 126.6 | V96: 120.9 | W96: 120.6 | X96: 122 | Y96: 119.4 | Z96: 112.3 | AA96: 125.1 | AB96: 117.8 | AC96: 111.7 | AD96: 117.2 | AE96: 124.8
A97: Urban | B97: 2015 | C97: August | D97: =IF(C97="January",1, IF(C97="february",2, IF(C97="march",3, IF(C97="april",4, IF(C97="may",5, IF(C97="june",6, IF(C97="july",7, IF(C97="august",8, IF(C97="september",9, IF(C97="october",10, IF(C97="november",11, IF(C97="december",12, )))))))))))) -> 8 | E97: 123.1 | F97: 131.7 | G97: 118.1 | H97: 128 | I97: 106.8 | J97: 130.1 | K97: 165.5 | L97: 156 | M97: 85.3 | N97: 132.7 | O97: 118.8 | P97: 131.7 | Q97: 131.1 | R97: 134.2 | S97: 123.7 | T97: 118.2 | U97: 122.9 | V97: 120.9 | W97: 115.3 | X97: 120 | Y97: 116.6 | Z97: 112 | AA97: 126.2 | AB97: 117.2 | AC97: 109.9 | AD97: 116.2 | AE97: 123.2
A98: Rural | B98: 2015 | C98: September | D98: =IF(C98="January",1, IF(C98="february",2, IF(C98="march",3, IF(C98="april",4, IF(C98="may",5, IF(C98="june",6, IF(C98="july",7, IF(C98="august",8, IF(C98="september",9, IF(C98="october",10, IF(C98="november",11, IF(C98="december",12, )))))))))))) -> 9 | E98: 125.1 | F98: 131.1 | G98: 120.7 | H98: 129.2 | I98: 114.7 | J98: 132.3 | K98: 158.9 | L98: 142.1 | M98: 92.5 | N98: 125.4 | O98: 121.9 | P98: 132.7 | Q98: 131 | R98: 131 | S98: 130.4 | T98: 126.8 | U98: 129.9 | V98: ='Missing values'!V265 -> 121.6 | W98: 123.7 | X98: 124.5 | Y98: 121.4 | Z98: 113.7 | AA98: 124.5 | AB98: 119.6 | AC98: 113.8 | AD98: 118.8 | AE98: 127
A99: Rural+Urban | B99: 2015 | C99: September | D99: =IF(C99="January",1, IF(C99="february",2, IF(C99="march",3, IF(C99="april",4, IF(C99="may",5, IF(C99="june",6, IF(C99="july",7, IF(C99="august",8, IF(C99="september",9, IF(C99="october",10, IF(C99="november",11, IF(C99="december",12, )))))))))))) -> 9 | E99: 124.6 | F99: 130.4 | G99: 118.7 | H99: 128.9 | I99: 111.9 | J99: 128.4 | K99: 162.2 | L99: 150 | M99: 90.4 | N99: 128.4 | O99: 120.7 | P99: 132.5 | Q99: 131.2 | R99: 132 | S99: 127.9 | T99: 123.4 | U99: 127.2 | V99: 121.6 | W99: 120.4 | X99: 122.6 | Y99: 119.8 | Z99: 113.4 | AA99: 125.7 | AB99: 118.3 | AC99: 111.3 | AD99: 117.5 | AE99: 125.4
A100: Urban | B100: 2015 | C100: September | D100: =IF(C100="January",1, IF(C100="february",2, IF(C100="march",3, IF(C100="april",4, IF(C100="may",5, IF(C100="june",6, IF(C100="july",7, IF(C100="august",8, IF(C100="september",9, IF(C100="october",10, IF(C100="november",11, IF(C100="december",12, )))))))))))) -> 9 | E100: 123.4 | F100: 129 | G100: 115.6 | H100: 128.3 | I100: 107 | J100: 124 | K100: 168.5 | L100: 165.4 | M100: 86.3 | N100: 134.4 | O100: 119.1 | P100: 132.3 | Q100: 131.5 | R100: 134.7 | S100: 124 | T100: 118.6 | U100: 123.2 | V100: 121.6 | W100: 115.1 | X100: 120.4 | Y100: 117.1 | Z100: 112.9 | AA100: 126.5 | AB100: 117.3 | AC100: 109.1 | AD100: 116.2 | AE100: 123.5
...

Sheet Missing values
A1: Sector | B1: Year | C1: Month | D1: Month no. | E1: Cereals and products | F1: Meat and fish | G1: Egg | H1: Milk and products | I1: Oils and fats | J1: Fruits | K1: Vegetables | L1: Pulses and products | M1: Sugar and Confectionery | N1: Spices | O1: Nonalcoholic beverages | P1: Prepared meals, scks, sweets etc. | Q1: Food and beverages | R1: Pan, tobacco and intoxicants | S1: Clothing | T1: Footwear | U1: Clothing and footwear | V1: Housing | W1: Fuel and light | X1: Household goods and services | Y1: Health | Z1: Transport and communication | AA1: Recreation and amusement | AB1: Education | AC1: Persol care and effects | AD1: Miscellaneous | AE1: General index
A2: =COUNTBLANK('All_India_Index_Upto_April23 (1'!A2:A373) -> 0 | B2: =COUNTBLANK('All_India_Index_Upto_April23 (1'!B2:B373) -> 0 | C2: =COUNTBLANK('All_India_Index_Upto_April23 (1'!C2:C373) -> 0 | D2: =COUNTBLANK('All_India_Index_Upto_April23 (1'!D2:D373) -> 0 | E2: =COUNTBLANK('All_India_Index_Upto_April23 (1'!E2:E373) -> 3 | F2: =COUNTBLANK('All_India_Index_Upto_April23 (1'!F2:F373) -> 6 | G2: =COUNTBLANK('All_India_Index_Upto_April23 (1'!G2:G373) -> 3 | H2: =COUNTBLANK('All_India_Index_Upto_April23 (1'!H2:H373) -> 3 | ... Y2: =COUNTBLANK('All_India_Index_Upto_April23 (1'!Y2:Y373) -> 3 | Z2: =COUNTBLANK('All_India_Index_Upto_April23 (1'!AC2:AC373) -> 6 | AA2: =COUNTBLANK('All_India_Index_Upto_April23 (1'!AB2:AB373) -> 6 | AB2: =COUNTBLANK('All_India_Index_Upto_April23 (1'!AA2:AA373) -> 6 | AC2: =COUNTBLANK('All_India_Index_Upto_April23 (1'!Z2:Z373) -> 6 | AD2: =COUNTBLANK('All_India_Index_Upto_April23 (1'!AD2:AD373) -> 6 | AE2: =COUNTBLANK('All_India_Index_Upto_April23 (1'!AE2:AE373) -> 4
U4: Sector | V4: Housing
U5: Rural
U6: Rural+Urban | V6: 100.3
U7: Urban | V7: 100.3
R8: 111.6 | U8: Rural
R9: 117.3 | U9: Rural+Urban | V9: 111.6
U10: Urban | V10: 111.6
R11: 129.6 | U11: Rural
R12: 140.4 | U12: Rural+Urban | V12: 117.3
U13: Urban | V13: 117.3
R14: 153.9 | U14: Rural
R15: 157.7 | U15: Rural+Urban | V15: 123.4
U16: Urban | V16: 123.4
R17: 172.1 | U17: Rural
R18: 100.4 | U18: Rural+Urban | V18: 129.6
U19: Urban | V19: 129.6
R20: 118.1 | U20: Rural
R21: 124.4 | U21: Rural+Urban | V21: 140.4
U22: Urban | V22: 140.4
R23: 141.3 | U23: Rural
R24: 148.5 | U24: Rural+Urban | V24: 147.7
U25: Urban | V25: 147.7
R26: 159.8 | U26: Rural
R27: 165.5 | U27: Rural+Urban | V27: 153.9
U28: Urban | V28: 153.9
R29: 100.4 | U29: Rural
R30: 113.2 | U30: Rural+Urban | V30: 157.7
U31: Urban | V31: 157.7
R32: 124.9 | U32: Rural
R33: 131.1 | U33: Rural+Urban | V33: 164.5
U34: Urban | V34: 164.5
R35: 149 | U35: Rural
R36: 154.5 | U36: Rural+Urban | V36: 172.1
U37: Urban | V37: 172.1
R38: 165.3 | U38: Rural
R39: 173.5 | U39: Rural+Urban | V39: 100.4
U40: Urban | V40: 100.4
R41: 113.9 | U41: Rural
R42: 119.2 | U42: Rural+Urban | V42: 112.5
U43: Urban | V43: 112.5
R44: 131.7 | U44: Rural
R45: 142.9 | U45: Rural+Urban | V45: 118.1
U46: Urban | V46: 118.1
R47: 161.4 | U47: Rural
R48: 167 | U48: Rural+Urban | V48: 124.4
U49: Urban | V49: 124.4
R50: 100.5 | U50: Rural
R51: 114.3 | U51: Rural+Urban | V51: 130.5
U52: Urban | V52: 130.5
R53: 126 | U53: Rural
R54: 132.1 | U54: Rural+Urban | V54: 141.3
U55: Urban | V55: 141.3
R56: 150.1 | U56: Rural
U57: Rural+Urban | V57: 148.5
U58: Urban | V58: 148.5
R59: 167.5 | U59: Rural
R60: 175.6 | U60: Rural+Urban | V60: 154.8
U61: Urban | V61: 154.8
R62: 113.9 | U62: Rural
R63: 119 | U63: Rural+Urban | V63: 159.8
U64: Urban | V64: 159.8
R65: 131.4 | U65: Rural
R66: 142.5 | U66: Rural+Urban | V66: 165.5
U67: Urban | V67: 165.5
R68: 154.7 | U68: Rural
R69: 160.5 | U69: Rural+Urban | V69: 173.5
U70: Urban | V70: 173.5
R71: 107.7 | U71: Rural
R72: 114.8 | U72: Rural+Urban | V72: 100.4
U73: Urban | V73: 100.4
R74: 126.4 | U74: Rural
R75: 132.6 | U75: Rural+Urban | V75: 113.2
U76: Urban | V76: 113.2
R77: 150.6 | U77: Rural
R78: 154.7 | U78: Rural+Urban | V78: 118.6
U79: Urban | V79: 118.6
R80: 167.8 | U80: Rural
R81: 108.9 | U81: Rural+Urban | V81: 124.9
U82: Urban | V82: 124.9
R83: 120.9 | U83: Rural
R84: 127.3 | U84: Rural+Urban | V84: 131.1
U85: Urban | V85: 131.1
R86: 144.6 | U86: Rural
R87: 151.6 | U87: Rural+Urban | V87: 142
U88: Urban | V88: 142
R89: 162.1 | U89: Rural
R90: 169 | U90: Rural+Urban | V90: 149
U91: Urban | V91: 149
R92: 116.1 | U92: Rural
R93: 121.6 | U93: Rural+Urban | V93: 154.5
U94: Urban | V94: 154.5
R95: 135.7 | U95: Rural
R96: 145.3 | U96: Rural+Urban | V96: 159.9
U97: Urban | V97: 159.9
R98: 156.3 | U98: Rural
R99: 162.1 | U99: Rural+Urban | V99: 165.3
U100: Urban | V100: 165.3
R101: 110.5 | U101: Rural
...

Sheet Basket
A1: Cereals and products | B1: Food and Beverages | D1: Sector | E1: Year | F1: Month | G1: Food and Beverages | H1: Pan, tobacco and intoxicants | I1: Clothing and footwear | J1: Household and Utilities | K1: Health,Education and Personal Care | L1: Miscellaneous | M1: General index
A2: Meat and fish | D2: Rural | E2: 2013 | F2: January | G2: =SUM('All_India_Index_Upto_April23 (1'!$E2:$Q2) -> 1371.7 | H2: =SUM('All_India_Index_Upto_April23 (1'!R2) -> 105.1 | I2: =SUM('All_India_Index_Upto_April23 (1'!$S2:$U2) -> 318.7 | J2: =SUM('All_India_Index_Upto_April23 (1'!$V2:$X2) -> 310.6 | K2: =SUM('All_India_Index_Upto_April23 (1'!$Y2:$AA2) -> 312.5 | L2: =SUM('All_India_Index_Upto_April23 (1'!$AB2:$AD2) -> 310.7 | M2: 105.1
A3: Egg | D3: Rural+Urban | E3: 2013 | F3: January | G3: =SUM('All_India_Index_Upto_April23 (1'!$E3:$Q3) -> 1373.3 | H3: =SUM('All_India_Index_Upto_April23 (1'!R3) -> 105.1 | I3: =SUM('All_India_Index_Upto_April23 (1'!$S3:$U3) -> 318 | J3: =SUM('All_India_Index_Upto_April23 (1'!$V3:$X3) -> 310.6 | K3: =SUM('All_India_Index_Upto_April23 (1'!$Y3:$AA3) -> 312.1 | L3: =SUM('All_India_Index_Upto_April23 (1'!$AB3:$AD3) -> 310.2 | M3: 104.6
A4: Milk and products | D4: Urban | E4: 2013 | F4: January | G4: =SUM('All_India_Index_Upto_April23 (1'!$E4:$Q4) -> 1376.4 | H4: =SUM('All_India_Index_Upto_April23 (1'!R4) -> 105.2 | I4: =SUM('All_India_Index_Upto_April23 (1'!$S4:$U4) -> 316.7 | J4: =SUM('All_India_Index_Upto_April23 (1'!$V4:$X4) -> 310.5 | K4: =SUM('All_India_Index_Upto_April23 (1'!$Y4:$AA4) -> 311.9 | L4: =SUM('All_India_Index_Upto_April23 (1'!$AB4:$AD4) -> 309.8 | M4: 104
A5: Oils and fats | D5: Rural | E5: 2013 | F5: February | G5: =SUM('All_India_Index_Upto_April23 (1'!$E5:$Q5) -> 1380.4 | H5: =SUM('All_India_Index_Upto_April23 (1'!R5) -> 105.6 | I5: =SUM('All_India_Index_Upto_April23 (1'!$S5:$U5) -> 320.4 | J5: =SUM('All_India_Index_Upto_April23 (1'!$V5:$X5) -> 311.8 | K5: =SUM('All_India_Index_Upto_April23 (1'!$Y5:$AA5) -> 313.1 | L5: =SUM('All_India_Index_Upto_April23 (1'!$AB5:$AD5) -> 312.3 | M5: 105.8
A6: Fruits | D6: Rural+Urban | E6: 2013 | F6: February | G6: =SUM('All_India_Index_Upto_April23 (1'!$E6:$Q6) -> 1384.2 | H6: =SUM('All_India_Index_Upto_April23 (1'!R6) -> 105.7 | I6: =SUM('All_India_Index_Upto_April23 (1'!$S6:$U6) -> 319.7 | J6: =SUM('All_India_Index_Upto_April23 (1'!$V6:$X6) -> 311.6 | K6: =SUM('All_India_Index_Upto_April23 (1'!$Y6:$AA6) -> 312.9 | L6: =SUM('All_India_Index_Upto_April23 (1'!$AB6:$AD6) -> 312.2 | M6: 105.3
A7: Vegetables | D7: Urban | E7: 2013 | F7: February | G7: =SUM('All_India_Index_Upto_April23 (1'!$E7:$Q7) -> 1390.6 | H7: =SUM('All_India_Index_Upto_April23 (1'!R7) -> 106 | I7: =SUM('All_India_Index_Upto_April23 (1'!$S7:$U7) -> 318.5 | J7: =SUM('All_India_Index_Upto_April23 (1'!$V7:$X7) -> 311.3 | K7: =SUM('All_India_Index_Upto_April23 (1'!$Y7:$AA7) -> 312.7 | L7: =SUM('All_India_Index_Upto_April23 (1'!$AB7:$AD7) -> 312 | M7: 104.7
A8: Pulses and products | D8: Rural | E8: 2013 | F8: March | G8: =SUM('All_India_Index_Upto_April23 (1'!$E8:$Q8) -> 1382.2 | H8: =SUM('All_India_Index_Upto_April23 (1'!R8) -> 106.5 | I8: =SUM('All_India_Index_Upto_April23 (1'!$S8:$U8) -> 321.9 | J8: =SUM('All_India_Index_Upto_April23 (1'!$V8:$X8) -> 312.1 | K8: =SUM('All_India_Index_Upto_April23 (1'!$Y8:$AA8) -> 313.3 | L8: =SUM('All_India_Index_Upto_April23 (1'!$AB8:$AD8) -> 313.2 | M8: 106
A9: Sugar and Confectionery | D9: Rural+Urban | E9: 2013 | F9: March | G9: =SUM('All_India_Index_Upto_April23 (1'!$E9:$Q9) -> 1384 | H9: =SUM('All_India_Index_Upto_April23 (1'!R9) -> 106.6 | I9: =SUM('All_India_Index_Upto_April23 (1'!$S9:$U9) -> 321.2 | J9: =SUM('All_India_Index_Upto_April23 (1'!$V9:$X9) -> 312.1 | K9: =SUM('All_India_Index_Upto_April23 (1'!$Y9:$AA9) -> 313.2 | L9: =SUM('All_India_Index_Upto_April23 (1'!$AB9:$AD9) -> 313.5 | M9: 105.5
A10: Spices | D10: Urban | E10: 2013 | F10: March | G10: =SUM('All_India_Index_Upto_April23 (1'!$E10:$Q10) -> 1386.8 | H10: =SUM('All_India_Index_Upto_April23 (1'!R10) -> 106.8 | I10: =SUM('All_India_Index_Upto_April23 (1'!$S10:$U10) -> 320.2 | J10: =SUM('All_India_Index_Upto_April23 (1'!$V10:$X10) -> 312.1 | K10: =SUM('All_India_Index_Upto_April23 (1'!$Y10:$AA10) -> 313.2 | L10: =SUM('All_India_Index_Upto_April23 (1'!$AB10:$AD10) -> 313.9 | M10: 105
A11: Nonalcoholic beverages | D11: Rural | E11: 2013 | F11: April | G11: =SUM('All_India_Index_Upto_April23 (1'!$E11:$Q11) -> 1385.8 | H11: =SUM('All_India_Index_Upto_April23 (1'!R11) -> 107.1 | I11: =SUM('All_India_Index_Upto_April23 (1'!$S11:$U11) -> 323.5 | J11: =SUM('All_India_Index_Upto_April23 (1'!$V11:$X11) -> 313.1 | K11: =SUM('All_India_Index_Upto_April23 (1'!$Y11:$AA11) -> 312.6 | L11: =SUM('All_India_Index_Upto_April23 (1'!$AB11:$AD11) -> 313.5 | M11: 106.4
A12: Prepared meals, scks, sweets etc. | D12: Rural+Urban | E12: 2013 | F12: April | G12: =SUM('All_India_Index_Upto_April23 (1'!$E12:$Q12) -> 1390.2 | H12: =SUM('All_India_Index_Upto_April23 (1'!R12) -> 107.5 | I12: =SUM('All_India_Index_Upto_April23 (1'!$S12:$U12) -> 322.9 | J12: =SUM('All_India_Index_Upto_April23 (1'!$V12:$X12) -> 313.3 | K12: =SUM('All_India_Index_Upto_April23 (1'!$Y12:$AA12) -> 313.2 | L12: =SUM('All_India_Index_Upto_April23 (1'!$AB12:$AD12) -> 313.7 | M12: 106.1
A13: Food and beverages | D13: Urban | E13: 2013 | F13: April | G13: =SUM('All_India_Index_Upto_April23 (1'!$E13:$Q13) -> 1397.7 | H13: =SUM('All_India_Index_Upto_April23 (1'!R13) -> 108.5 | I13: =SUM('All_India_Index_Upto_April23 (1'!$S13:$U13) -> 322 | J13: =SUM('All_India_Index_Upto_April23 (1'!$V13:$X13) -> 313.4 | K13: =SUM('All_India_Index_Upto_April23 (1'!$Y13:$AA13) -> 314.1 | L13: =SUM('All_India_Index_Upto_April23 (1'!$AB13:$AD13) -> 314.1 | M13: 105.7
A14: Pan, tobacco and intoxicants | B14: Pan, tobacco and intoxicants | D14: Rural | E14: 2013 | F14: May | G14: =SUM('All_India_Index_Upto_April23 (1'!$E14:$Q14) -> 1394 | H14: =SUM('All_India_Index_Upto_April23 (1'!R14) -> 108.1 | I14: =SUM('All_India_Index_Upto_April23 (1'!$S14:$U14) -> 325.3 | J14: =SUM('All_India_Index_Upto_April23 (1'!$V14:$X14) -> 314.8 | K14: =SUM('All_India_Index_Upto_April23 (1'!$Y14:$AA14) -> 313.3 | L14: =SUM('All_India_Index_Upto_April23 (1'!$AB14:$AD14) -> 313.9 | M14: 107.2
A15: Clothing | B15: Clothing and footwear | D15: Rural+Urban | E15: 2013 | F15: May | G15: =SUM('All_India_Index_Upto_April23 (1'!$E15:$Q15) -> 1402.2 | H15: =SUM('All_India_Index_Upto_April23 (1'!R15) -> 108.6 | I15: =SUM('All_India_Index_Upto_April23 (1'!$S15:$U15) -> 324.6 | J15: =SUM('All_India_Index_Upto_April23 (1'!$V15:$X15) -> 314.8 | K15: =SUM('All_India_Index_Upto_April23 (1'!$Y15:$AA15) -> 313.8 | L15: =SUM('All_India_Index_Upto_April23 (1'!$AB15:$AD15) -> 313.6 | M15: 106.9
A16: Footwear | D16: Urban | E16: 2013 | F16: May | G16: =SUM('All_India_Index_Upto_April23 (1'!$E16:$Q16) -> 1417.2 | H16: =SUM('All_India_Index_Upto_April23 (1'!R16) -> 109.8 | I16: =SUM('All_India_Index_Upto_April23 (1'!$S16:$U16) -> 323.5 | J16: =SUM('All_India_Index_Upto_April23 (1'!$V16:$X16) -> 314.8 | K16: =SUM('All_India_Index_Upto_April23 (1'!$Y16:$AA16) -> 314.5 | L16: =SUM('All_India_Index_Upto_April23 (1'!$AB16:$AD16) -> 313.4 | M16: 106.6
A17: Clothing and footwear | D17: Rural | E17: 2013 | F17: June | G17: =SUM('All_India_Index_Upto_April23 (1'!$E17:$Q17) -> 1420 | H17: =SUM('All_India_Index_Upto_April23 (1'!R17) -> 109 | I17: =SUM('All_India_Index_Upto_April23 (1'!$S17:$U17) -> 328 | J17: =SUM('All_India_Index_Upto_April23 (1'!$V17:$X17) -> 322.6 | K17: =SUM('All_India_Index_Upto_April23 (1'!$Y17:$AA17) -> 315.3 | L17: =SUM('All_India_Index_Upto_April23 (1'!$AB17:$AD17) -> 316.1 | M17: 108.9
A18: Housing | B18: Household and Utilities | D18: Rural+Urban | E18: 2013 | F18: June | G18: =SUM('All_India_Index_Upto_April23 (1'!$E18:$Q18) -> 1436 | H18: =SUM('All_India_Index_Upto_April23 (1'!R18) -> 109.5 | I18: =SUM('All_India_Index_Upto_April23 (1'!$S18:$U18) -> 326.9 | J18: =SUM('All_India_Index_Upto_April23 (1'!$V18:$X18) -> 322.5 | K18: =SUM('All_India_Index_Upto_April23 (1'!$Y18:$AA18) -> 316.6 | L18: =SUM('All_India_Index_Upto_April23 (1'!$AB18:$AD18) -> 316.3 | M18: 109.3
A19: Fuel and light | D19: Urban | E19: 2013 | F19: June | G19: =SUM('All_India_Index_Upto_April23 (1'!$E19:$Q19) -> 1464.6 | H19: =SUM('All_India_Index_Upto_April23 (1'!R19) -> 110.9 | I19: =SUM('All_India_Index_Upto_April23 (1'!$S19:$U19) -> 325.3 | J19: =SUM('All_India_Index_Upto_April23 (1'!$V19:$X19) -> 322.3 | K19: =SUM('All_India_Index_Upto_April23 (1'!$Y19:$AA19) -> 317.9 | L19: =SUM('All_India_Index_Upto_April23 (1'!$AB19:$AD19) -> 316.5 | M19: 109.7
A20: Household goods and services | D20: Rural | E20: 2013 | F20: July | G20: =SUM('All_India_Index_Upto_April23 (1'!$E20:$Q20) -> 1445.9 | H20: =SUM('All_India_Index_Upto_April23 (1'!R20) -> 109.8 | I20: =SUM('All_India_Index_Upto_April23 (1'!$S20:$U20) -> 330.3 | J20: =SUM('All_India_Index_Upto_April23 (1'!$V20:$X20) -> 325.5 | K20: =SUM('All_India_Index_Upto_April23 (1'!$Y20:$AA20) -> 317.2 | L20: =SUM('All_India_Index_Upto_April23 (1'!$AB20:$AD20) -> 319.7 | M20: 110.7
A21: Health | B21: Health,Education and Personal Care | D21: Rural+Urban | E21: 2013 | F21: July | G21: =SUM('All_India_Index_Upto_April23 (1'!$E21:$Q21) -> 1461.4 | H21: =SUM('All_India_Index_Upto_April23 (1'!R21) -> 110.3 | I21: =SUM('All_India_Index_Upto_April23 (1'!$S21:$U21) -> 329 | J21: =SUM('All_India_Index_Upto_April23 (1'!$V21:$X21) -> 325.1 | K21: =SUM('All_India_Index_Upto_April23 (1'!$Y21:$AA21) -> 318.9 | L21: =SUM('All_India_Index_Upto_April23 (1'!$AB21:$AD21) -> 320.1 | M21: 111
A22: Education | D22: Urban | E22: 2013 | F22: July | G22: =SUM('All_India_Index_Upto_April23 (1'!$E22:$Q22) -> 1489.4 | H22: =SUM('All_India_Index_Upto_April23 (1'!R22) -> 111.7 | I22: =SUM('All_India_Index_Upto_April23 (1'!$S22:$U22) -> 327.1 | J22: =SUM('All_India_Index_Upto_April23 (1'!$V22:$X22) -> 324.4 | K22: =SUM('All_India_Index_Upto_April23 (1'!$Y22:$AA22) -> 320.4 | L22: =SUM('All_India_Index_Upto_April23 (1'!$AB22:$AD22) -> 320.5 | M22: 111.4
A23: Persol care and effects | D23: Rural | E23: 2013 | F23: August | G23: =SUM('All_India_Index_Upto_April23 (1'!$E23:$Q23) -> 1462.5 | H23: =SUM('All_India_Index_Upto_April23 (1'!R23) -> 110.7 | I23: =SUM('All_India_Index_Upto_April23 (1'!$S23:$U23) -> 332.6 | J23: =SUM('All_India_Index_Upto_April23 (1'!$V23:$X23) -> 327.5 | K23: =SUM('All_India_Index_Upto_April23 (1'!$Y23:$AA23) -> 321.2 | L23: =SUM('All_India_Index_Upto_April23 (1'!$AB23:$AD23) -> 322.1 | M23: 112.1
A24: Transport and communication | B24: Miscellaneous | D24: Rural+Urban | E24: 2013 | F24: August | G24: =SUM('All_India_Index_Upto_April23 (1'!$E24:$Q24) -> 1477.4 | H24: =SUM('All_India_Index_Upto_April23 (1'!R24) -> 111.2 | I24: =SUM('All_India_Index_Upto_April23 (1'!$S24:$U24) -> 331.1 | J24: =SUM('All_India_Index_Upto_April23 (1'!$V24:$X24) -> 327.3 | K24: =SUM('All_India_Index_Upto_April23 (1'!$Y24:$AA24) -> 322.8 | L24: =SUM('All_India_Index_Upto_April23 (1'!$AB24:$AD24) -> 322.5 | M24: 112.4
A25: Recreation and amusement | D25: Urban | E25: 2013 | F25: August | G25: =SUM('All_India_Index_Upto_April23 (1'!$E25:$Q25) -> 1506.1 | H25: =SUM('All_India_Index_Upto_April23 (1'!R25) -> 112.4 | I25: =SUM('All_India_Index_Upto_April23 (1'!$S25:$U25) -> 329.1 | J25: =SUM('All_India_Index_Upto_April23 (1'!$V25:$X25) -> 326.9 | K25: =SUM('All_India_Index_Upto_April23 (1'!$Y25:$AA25) -> 324.4 | L25: =SUM('All_India_Index_Upto_April23 (1'!$AB25:$AD25) -> 322.9 | M25: 112.7
A26: Miscellaneous | D26: Rural | E26: 2013 | F26: September | G26: =SUM('All_India_Index_Upto_April23 (1'!$E26:$Q26) -> 1488.5 | H26: =SUM('All_India_Index_Upto_April23 (1'!R26) -> 111.7 | I26: =SUM('All_India_Index_Upto_April23 (1'!$S26:$U26) -> 336.6 | J26: =SUM('All_India_Index_Upto_April23 (1'!$V26:$X26) -> 330.4 | K26: =SUM('All_India_Index_Upto_April23 (1'!$Y26:$AA26) -> 324.8 | L26: =SUM('All_India_Index_Upto_April23 (1'!$AB26:$AD26) -> 325.7 | M26: 114.2
D27: Rural+Urban | E27: 2013 | F27: September | G27: =SUM('All_India_Index_Upto_April23 (1'!$E27:$Q27) -> 1491.7 | H27: =SUM('All_India_Index_Upto_April23 (1'!R27) -> 112 | I27: =SUM('All_India_Index_Upto_April23 (1'!$S27:$U27) -> 334.5 | J27: =SUM('All_India_Index_Upto_April23 (1'!$V27:$X27) -> 329.8 | K27: =SUM('All_India_Index_Upto_April23 (1'!$Y27:$AA27) -> 325.5 | L27: =SUM('All_India_Index_Upto_April23 (1'!$AB27:$AD27) -> 326.4 | M27: 113.7
D28: Urban | E28: 2013 | F28: September | G28: =SUM('All_India_Index_Upto_April23 (1'!$E28:$Q28) -> 1500.4 | H28: =SUM('All_India_Index_Upto_April23 (1'!R28) -> 112.9 | I28: =SUM('All_India_Index_Upto_April23 (1'!$S28:$U28) -> 331.5 | J28: =SUM('All_India_Index_Upto_April23 (1'!$V28:$X28) -> 328.8 | K28: =SUM('All_India_Index_Upto_April23 (1'!$Y28:$AA28) -> 326 | L28: =SUM('All_India_Index_Upto_April23 (1'!$AB28:$AD28) -> 327.2 | M28: 113.2
D29: Rural | E29: 2013 | F29: October | G29: =SUM('All_India_Index_Upto_April23 (1'!$E29:$Q29) -> 1508 | H29: =SUM('All_India_Index_Upto_April23 (1'!R29) -> 112.2 | I29: =SUM('All_India_Index_Upto_April23 (1'!$S29:$U29) -> 339.3 | J29: =SUM('All_India_Index_Upto_April23 (1'!$V29:$X29) -> 332.5 | K29: =SUM('All_India_Index_Upto_April23 (1'!$Y29:$AA29) -> 326.6 | L29: =SUM('All_India_Index_Upto_April23 (1'!$AB29:$AD29) -> 326.7 | M29: 115.5
D30: Rural+Urban | E30: 2013 | F30: October | G30: =SUM('All_India_Index_Upto_April23 (1'!$E30:$Q30) -> 1510.2 | H30: =SUM('All_India_Index_Upto_April23 (1'!R30) -> 112.5 | I30: =SUM('All_India_Index_Upto_April23 (1'!$S30:$U30) -> 337.2 | J30: =SUM('All_India_Index_Upto_April23 (1'!$V30:$X30) -> 331.7 | K30: =SUM('All_India_Index_Upto_April23 (1'!$Y30:$AA30) -> 326.8 | L30: =SUM('All_India_Index_Upto_April23 (1'!$AB30:$AD30) -> 326.8 | M30: 114.8
D31: Urban | E31: 2013 | F31: October | G31: =SUM('All_India_Index_Upto_April23 (1'!$E31:$Q31) -> 1517.2 | H31: =SUM('All_India_Index_Upto_April23 (1'!R31) -> 113.5 | I31: =SUM('All_India_Index_Upto_April23 (1'!$S31:$U31) -> 334.2 | J31: =SUM('All_India_Index_Upto_April23 (1'!$V31:$X31) -> 330.4 | K31: =SUM('All_India_Index_Upto_April23 (1'!$Y31:$AA31) -> 326.8 | L31: =SUM('All_India_Index_Upto_April23 (1'!$AB31:$AD31) -> 327.1 | M31: 114
D32: Rural | E32: 2013 | F32: November | G32: =SUM('All_India_Index_Upto_April23 (1'!$E32:$Q32) -> 1536.8 | H32: =SUM('All_India_Index_Upto_April23 (1'!R32) -> 112.8 | I32: =SUM('All_India_Index_Upto_April23 (1'!$S32:$U32) -> 342.1 | J32: =SUM('All_India_Index_Upto_April23 (1'!$V32:$X32) -> 335 | K32: =SUM('All_India_Index_Upto_April23 (1'!$Y32:$AA32) -> 328.9 | L32: =SUM('All_India_Index_Upto_April23 (1'!$AB32:$AD32) -> 328.1 | M32: 117.4
D33: Rural+Urban | E33: 2013 | F33: November | G33: =SUM('All_India_Index_Upto_April23 (1'!$E33:$Q33) -> 1538.8 | H33: =SUM('All_India_Index_Upto_April23 (1'!R33) -> 113.1 | I33: =SUM('All_India_Index_Upto_April23 (1'!$S33:$U33) -> 339.9 | J33: =SUM('All_India_Index_Upto_April23 (1'!$V33:$X33) -> 333.8 | K33: =SUM('All_India_Index_Upto_April23 (1'!$Y33:$AA33) -> 328.6 | L33: =SUM('All_India_Index_Upto_April23 (1'!$AB33:$AD33) -> 327.8 | M33: 116.3
D34: Urban | E34: 2013 | F34: November | G34: =SUM('All_India_Index_Upto_April23 (1'!$E34:$Q34) -> 1544.6 | H34: =SUM('All_India_Index_Upto_April23 (1'!R34) -> 114.1 | I34: =SUM('All_India_Index_Upto_April23 (1'!$S34:$U34) -> 336.8 | J34: =SUM('All_India_Index_Upto_April23 (1'!$V34:$X34) -> 332 | K34: =SUM('All_India_Index_Upto_April23 (1'!$Y34:$AA34) -> 327.8 | L34: =SUM('All_India_Index_Upto_April23 (1'!$AB34:$AD34) -> 327.6 | M34: 115
D35: Rural | E35: 2013 | F35: December | G35: =SUM('All_India_Index_Upto_April23 (1'!$E35:$Q35) -> 1509 | H35: =SUM('All_India_Index_Upto_April23 (1'!R35) -> 113.6 | I35: =SUM('All_India_Index_Upto_April23 (1'!$S35:$U35) -> 345.3 | J35: =SUM('All_India_Index_Upto_April23 (1'!$V35:$X35) -> 335.6 | K35: =SUM('All_India_Index_Upto_April23 (1'!$Y35:$AA35) -> 329.8 | L35: =SUM('All_India_Index_Upto_April23 (1'!$AB35:$AD35) -> 329.2 | M35: 115.5
D36: Rural+Urban | E36: 2013 | F36: December | G36: =SUM('All_India_Index_Upto_April23 (1'!$E36:$Q36) -> 1507.3 | H36: =SUM('All_India_Index_Upto_April23 (1'!R36) -> 114 | I36: =SUM('All_India_Index_Upto_April23 (1'!$S36:$U36) -> 342.7 | J36: =SUM('All_India_Index_Upto_April23 (1'!$V36:$X36) -> 334.3 | K36: =SUM('All_India_Index_Upto_April23 (1'!$Y36:$AA36) -> 329.1 | L36: =SUM('All_India_Index_Upto_April23 (1'!$AB36:$AD36) -> 328.8 | M36: 114.5
D37: Urban | E37: 2013 | F37: December | G37: =SUM('All_India_Index_Upto_April23 (1'!$E37:$Q37) -> 1504.4 | H37: =SUM('All_India_Index_Upto_April23 (1'!R37) -> 115 | I37: =SUM('All_India_Index_Upto_April23 (1'!$S37:$U37) -> 338.8 | J37: =SUM('All_India_Index_Upto_April23 (1'!$V37:$X37) -> 332.4 | K37: =SUM('All_India_Index_Upto_April23 (1'!$Y37:$AA37) -> 328.1 | L37: =SUM('All_India_Index_Upto_April23 (1'!$AB37:$AD37) -> 328.4 | M37: 113.3
D38: Rural | E38: 2014 | F38: January | G38: =SUM('All_India_Index_Upto_April23 (1'!$E38:$Q38) -> 1486.6 | H38: =SUM('All_India_Index_Upto_April23 (1'!R38) -> 114 | I38: =SUM('All_India_Index_Upto_April23 (1'!$S38:$U38) -> 347.2 | J38: =SUM('All_India_Index_Upto_April23 (1'!$V38:$X38) -> 337.2 | K38: =SUM('All_India_Index_Upto_April23 (1'!$Y38:$AA38) -> 330.7 | L38: =SUM('All_India_Index_Upto_April23 (1'!$AB38:$AD38) -> 330.7 | M38: 114.2
... D259: Urban | E259: 2020 | F259: March | G259: =SUM('All_India_Index_Upto_April23 (1'!$E259:$Q259) -> 1898.5 | H259: =SUM('All_India_Index_Upto_April23 (1'!R259) -> 173.3 | I259: =SUM('All_India_Index_Upto_April23 (1'!$S259:$U259) -> 427.1 | J259: =SUM('All_India_Index_Upto_April23 (1'!$V259:$X259) -> 436.7 | K259: =SUM('All_India_Index_Upto_April23 (1'!$Y259:$AA259) -> 442.8 | L259: =SUM('All_India_Index_Upto_April23 (1'!$AB259:$AD259) -> 401.2 | M259: 147.3
D260: Rural | E260: 2020 | F260: April | G260: =SUM('All_India_Index_Upto_April23 (1'!$E260:$Q260) -> 1614.8 | H260: =SUM('All_India_Index_Upto_April23 (1'!R260) -> 0 | I260: =SUM('All_India_Index_Upto_April23 (1'!$S260:$U260) -> 0 | J260: =SUM('All_India_Index_Upto_April23 (1'!$V260:$X260) -> 304 | K260: =SUM('All_India_Index_Upto_April23 (1'!$Y260:$AA260) -> 154.3 | L260: =SUM('All_India_Index_Upto_April23 (1'!$AB260:$AD260) -> 0
D261: Rural+Urban | E261: 2020 | F261: April | G261: =SUM('All_India_Index_Upto_April23 (1'!$E261:$Q261) -> 1622.7 | H261: =SUM('All_India_Index_Upto_April23 (1'!R261) -> 0 | I261: =SUM('All_India_Index_Upto_April23 (1'!$S261:$U261) -> 0 | J261: =SUM('All_India_Index_Upto_April23 (1'!$V261:$X261) -> 299.7 | K261: =SUM('All_India_Index_Upto_April23 (1'!$Y261:$AA261) -> 150.7 | L261: =SUM('All_India_Index_Upto_April23 (1'!$AB261:$AD261) -> 0 | M261: =AVERAGE(M258,M255,M252,M267,M270,M273) -> 150.9
D262: Urban | E262: 2020 | F262: April | G262: =SUM('All_India_Index_Upto_April23 (1'!$E262:$Q262) -> 1636.7 | H262: =SUM('All_India_Index_Upto_April23 (1'!R262) -> 0 | I262: =SUM('All_India_Index_Upto_April23 (1'!$S262:$U262) -> 0 | J262: =SUM('All_India_Index_Upto_April23 (1'!$V262:$X262) -> 292.7 | K262: =SUM('All_India_Index_Upto_April23 (1'!$Y262:$AA262) -> 144.8 | L262: =SUM('All_India_Index_Upto_April23 (1'!$AB262:$AD262) -> 0
D263: Rural | E263: 2020 | F263: May | G263: =SUM('All_India_Index_Upto_April23 (1'!$E263:$Q263) -> 0 | H263: =SUM('All_India_Index_Upto_April23 (1'!R263) -> 0 | I263: =SUM('All_India_Index_Upto_April23 (1'!$S263:$U263) -> 0 | J263: =SUM('All_India_Index_Upto_April23 (1'!$V263:$X263) -> 0 | K263: =SUM('All_India_Index_Upto_April23 (1'!$Y263:$AA263) -> 0 | L263: =SUM('All_India_Index_Upto_April23 (1'!$AB263:$AD263) -> 0
D264: Rural+Urban | E264: 2020 | F264: May | G264: =SUM('All_India_Index_Upto_April23 (1'!$E264:$Q264) -> 0 | H264: =SUM('All_India_Index_Upto_April23 (1'!R264) -> 0 | I264: =SUM('All_India_Index_Upto_April23 (1'!$S264:$U264) -> 0 | J264: =SUM('All_India_Index_Upto_April23 (1'!$V264:$X264) -> 0 | K264: =SUM('All_India_Index_Upto_April23 (1'!$Y264:$AA264) -> 0 | L264: =SUM('All_India_Index_Upto_April23 (1'!$AB264:$AD264) -> 0 | M264: =AVERAGE(M261,M258,M255,M267,M273,M270) -> 151.01667
D265: Urban | E265: 2020 | F265: May | G265: =SUM('All_India_Index_Upto_April23 (1'!$E265:$Q265) -> 0 | H265: =SUM('All_India_Index_Upto_April23 (1'!R265) -> 0 | I265: =SUM('All_India_Index_Upto_April23 (1'!$S265:$U265) -> 0 | J265: =SUM('All_India_Index_Upto_April23 (1'!$V265:$X265) -> 0 | K265: =SUM('All_India_Index_Upto_April23 (1'!$Y265:$AA265) -> 0 | L265: =SUM('All_India_Index_Upto_April23 (1'!$AB265:$AD265) -> 0
D266: Rural | E266: 2020 | F266: June | G266: =SUM('All_India_Index_Upto_April23 (1'!$E266:$Q266) -> 1951 | H266: =SUM('All_India_Index_Upto_April23 (1'!R266) -> 182.4 | I266: =SUM('All_India_Index_Upto_April23 (1'!$S266:$U266) -> 458.8 | J266: =SUM('All_India_Index_Upto_April23 (1'!$V266:$X266) -> 451.3 | K266: =SUM('All_India_Index_Upto_April23 (1'!$Y266:$AA266) -> 471.2 | L266: =SUM('All_India_Index_Upto_April23 (1'!$AB266:$AD266) -> 446.3 | M266: 152.7
D267: Rural+Urban | E267: 2020 | F267: June | G267: =SUM('All_India_Index_Upto_April23 (1'!$E267:$Q267) -> 1966.8 | H267: =SUM('All_India_Index_Upto_April23 (1'!R267) -> 183.5 | I267: =SUM('All_India_Index_Upto_April23 (1'!$S267:$U267) -> 448.3 | J267: =SUM('All_India_Index_Upto_April23 (1'!$V267:$X267) -> 443 | K267: =SUM('All_India_Index_Upto_April23 (1'!$Y267:$AA267) -> 462.4 | L267: =SUM('All_India_Index_Upto_April23 (1'!$AB267:$AD267) -> 430.3 | M267: 151.8
D268: Urban | E268: 2020 | F268: June | G268: =SUM('All_India_Index_Upto_April23 (1'!$E268:$Q268) -> 1995 | H268: =SUM('All_India_Index_Upto_April23 (1'!R268) -> 186.7 | I268: =SUM('All_India_Index_Upto_April23 (1'!$S268:$U268) -> 432.9 | J268: =SUM('All_India_Index_Upto_April23 (1'!$V268:$X268) -> 432.2 | K268: =SUM('All_India_Index_Upto_April23 (1'!$Y268:$AA268) -> 452.8 | L268: =SUM('All_India_Index_Upto_April23 (1'!$AB268:$AD268) -> 415.8 | M268: 150.8
D269: Rural | E269: 2020 | F269: July | G269: =SUM('All_India_Index_Upto_April23 (1'!$E269:$Q269) -> 1951 | H269: =SUM('All_India_Index_Upto_April23 (1'!R269) -> 182.4 | I269: =SUM('All_India_Index_Upto_April23 (1'!$S269:$U269) -> 458.8 | J269: =SUM('All_India_Index_Upto_April23 (1'!$V269:$X269) -> 451.3 | K269: =SUM('All_India_Index_Upto_April23 (1'!$Y269:$AA269) -> 471.2 | L269: =SUM('All_India_Index_Upto_April23 (1'!$AB269:$AD269) -> 446.3 | M269: 152.7
D270: Rural+Urban | E270: 2020 | F270: July | G270: =SUM('All_India_Index_Upto_April23 (1'!$E270:$Q270) -> 1966.8 | H270: =SUM('All_India_Index_Upto_April23 (1'!R270) -> 183.5 | I270: =SUM('All_India_Index_Upto_April23 (1'!$S270:$U270) -> 448.3 | J270: =SUM('All_India_Index_Upto_April23 (1'!$V270:$X270) -> 443 | K270: =SUM('All_India_Index_Upto_April23 (1'!$Y270:$AA270) -> 462.4 | L270: =SUM('All_India_Index_Upto_April23 (1'!$AB270:$AD270) -> 430.3 | M270: 151.8
D271: Urban | E271: 2020 | F271: July | G271: =SUM('All_India_Index_Upto_April23 (1'!$E271:$Q271) -> 1995 | H271: =SUM('All_India_Index_Upto_April23 (1'!R271) -> 186.7 | I271: =SUM('All_India_Index_Upto_April23 (1'!$S271:$U271) -> 432.9 | J271: =SUM('All_India_Index_Upto_April23 (1'!$V271:$X271) -> 432.2 | K271: =SUM('All_India_Index_Upto_April23 (1'!$Y271:$AA271) -> 452.8 | L271: =SUM('All_India_Index_Upto_April23 (1'!$AB271:$AD271) -> 415.8 | M271: 150.8
D272: Rural | E272: 2020 | F272: August | G272: =SUM('All_India_Index_Upto_April23 (1'!$E272:$Q272) -> 1978.6 | H272: =SUM('All_India_Index_Upto_April23 (1'!R272) -> 180.9 | I272: =SUM('All_India_Index_Upto_April23 (1'!$S272:$U272) -> 458.7 | J272: =SUM('All_India_Index_Upto_April23 (1'!$V272:$X272) -> 453.2 | K272: =SUM('All_India_Index_Upto_April23 (1'!$Y272:$AA272) -> 475.1 | L272: =SUM('All_India_Index_Upto_April23 (1'!$AB272:$AD272) -> 448.8 | M272: 154.7
D273: Rural+Urban | E273: 2020 | F273: August | G273: =SUM('All_India_Index_Upto_April23 (1'!$E273:$Q273) -> 1995.2 | H273: =SUM('All_India_Index_Upto_April23 (1'!R273) -> 182.6 | I273: =SUM('All_India_Index_Upto_April23 (1'!$S273:$U273) -> 448.2 | J273: =SUM('All_India_Index_Upto_April23 (1'!$V273:$X273) -> 446.9 | K273: =SUM('All_India_Index_Upto_April23 (1'!$Y273:$AA273) -> 467.8 | L273: =SUM('All_India_Index_Upto_April23 (1'!$AB273:$AD273) -> 433.5 | M273: 153.9
D274: Urban | E274: 2020 | F274: August | G274: =SUM('All_India_Index_Upto_April23 (1'!$E274:$Q274) -> 2024.9 | H274: =SUM('All_India_Index_Upto_April23 (1'!R274) -> 187.2 | I274: =SUM('All_India_Index_Upto_April23 (1'!$S274:$U274) -> 433 | J274: =SUM('All_India_Index_Upto_April23 (1'!$V274:$X274) -> 438.3 | K274: =SUM('All_India_Index_Upto_April23 (1'!$Y274:$AA274) -> 459.4 | L274: =SUM('All_India_Index_Upto_April23 (1'!$AB274:$AD274) -> 419.9 | M274: 152.9
D275: Rural | E275: 2020 | F275: September | G275: =SUM('All_India_Index_Upto_April23 (1'!$E275:$Q275) -> 1987.4 | H275: =SUM('All_India_Index_Upto_April23 (1'!R275) -> 182.9 | I275: =SUM('All_India_Index_Upto_April23 (1'!$S275:$U275) -> 459.9 | J275: =SUM('All_India_Index_Upto_April23 (1'!$V275:$X275) -> 454.3 | K275: =SUM('All_India_Index_Upto_April23 (1'!$Y275:$AA275) -> 477.6 | L275: =SUM('All_India_Index_Upto_April23 (1'!$AB275:$AD275) -> 451.1 | M275: 155.4
D276: Rural+Urban | E276: 2020 | F276: September | G276: =SUM('All_India_Index_Upto_April23 (1'!$E276:$Q276) -> 2007 | H276: =SUM('All_India_Index_Upto_April23 (1'!R276) -> 184.4 | I276: =SUM('All_India_Index_Upto_April23 (1'!$S276:$U276) -> 449.7 | J276: =SUM('All_India_Index_Upto_April23 (1'!$V276:$X276) -> 447.9 | K276: =SUM('All_India_Index_Upto_April23 (1'!$Y276:$AA276) -> 471.5 | L276: =SUM('All_India_Index_Upto_April23 (1'!$AB276:$AD276) -> 436.2 | M276: 154.7
D277: Urban | E277: 2020 | F277: September | G277: =SUM('All_India_Index_Upto_April23 (1'!$E277:$Q277) -> 2041.6 | H277: =SUM('All_India_Index_Upto_April23 (1'!R277) -> 188.7 | I277: =SUM('All_India_Index_Upto_April23 (1'!$S277:$U277) -> 434.6 | J277: =SUM('All_India_Index_Upto_April23 (1'!$V277:$X277) -> 438.9 | K277: =SUM('All_India_Index_Upto_April23 (1'!$Y277:$AA277) -> 464.7 | L277: =SUM('All_India_Index_Upto_April23 (1'!$AB277:$AD277) -> 422.9 | M277: 154
... D373: Urban | E373: 2023 | F373: May | G373: =SUM('All_India_Index_Upto_April23 (1'!$E373:$Q373) -> 2335.1 | H373: =SUM('All_India_Index_Upto_April23 (1'!R373) -> 204.2 | I373: =SUM('All_India_Index_Upto_April23 (1'!$S373:$U373) -> 528.7 | J373: =SUM('All_India_Index_Upto_April23 (1'!$V373:$X373) -> 529.1 | K373: =SUM('All_India_Index_Upto_April23 (1'!$Y373:$AA373) -> 542.6 | L373: =SUM('All_India_Index_Upto_April23 (1'!$AB373:$AD373) -> 501.2 | M373: 178.2

Sheet Problem 1
A1: Ques : Based on the latest month data, which broader category has the highest contribution towards CPI across all sectors?
A3: In the given dataset "MAY 2023 " is the latest month.
A5: RURAL | F5: URBAN | K5: RURAL + URBAN
A6: Categories | B6: Values | C6: Contribution % | F6: Categories | G6: Values | H6: Contribution % | K6: Categories | L6: Values | M6: Contribution %
A7: Food and Beverages | B7: 2290.7 | C7: =B7/$B$14 -> 0.4900522 | F7: Food and Beverages | G7: 2335.1 | H7: =G7/$G$14 -> 0.50315672 | K7: Food and Beverages | L7: 2306.9 | M7: =L7/$L$14 -> 0.49563854
A8: Pan, tobacco and intoxicants | B8: 199.9 | C8: =B8/$B$14 -> 0.042764847 | F8: Pan, tobacco and intoxicants | G8: 204.2 | H8: =G8/$G$14 -> 0.044000086 | K8: Pan, tobacco and intoxicants | L8: 201 | M8: =L8/$L$14 -> 0.043184943
A9: Clothing and footwear | B9: 569.9 | C9: =B9/$B$14 -> 0.12191939 | F9: Clothing and footwear | G9: 528.7 | H9: =G9/$G$14 -> 0.11392187 | K9: Clothing and footwear | L9: 553.2 | M9: =L9/$L$14 -> 0.11885528
A10: Household and Utilities | B10: 537.9 | C10: =B10/$B$14 -> 0.11507359 | F10: Household and Utilities | G10: 529.1 | H10: =G10/$G$14 -> 0.11400806 | K10: Household and Utilities | L10: 533.6 | M10: =L10/$L$14 -> 0.11464421
A11: Health,Education and Personal Care | B11: 553 | C11: =B11/$B$14 -> 0.11830395 | F11: Health,Education and Personal Care | G11: 542.6 | H11: =G11/$G$14 -> 0.11691698 | K11: Health,Education and Personal Care | L11: 548 | M11: =L11/$L$14 -> 0.11773805
A12: Miscellaneous | B12: 523 | C12: =B12/$B$14 -> 0.11188602 | F12: Miscellaneous | G12: 501.2 | H12: =G12/$G$14 -> 0.10799629 | K12: Miscellaneous | L12: 511.7 | M12: =L12/$L$14 -> 0.10993898
A14: TOTAL | B14: =SUM(B7:B12) -> 4674.4 | C14: =SUM(C7:C12) -> 1 | F14: TOTAL | G14: =SUM(G7:G12) -> 4640.9 | H14: =SUM(H7:H12) -> 1 | K14: TOTAL | L14: =SUM(L7:L12) -> 4654.4 | M14: =SUM(M7:M12) -> 1
A33: Food and Beverages contributes the highest in CPI calculation across all the sectors.

Sheet Problem 2
A1: Ques : Analyze the year-on-year CPI trend from 2017 and identify the year with the highest inflation and also find the reason .
A3: Sector | B3: Year | C3: Month | D3: General index | E3: YOY % change
A4: Rural+Urban | B4: 2016 | C4: May | D4: 128.6
A5: Rural+Urban | B5: 2017 | C5: May | D5: 131.4 | E5: =(D5-D4)/D4 -> 0.021772939
A6: Rural+Urban | B6: 2018 | C6: May | D6: 137.8 | E6: =(D6-D5)/D5 -> 0.04870624
A7: Rural+Urban | B7: 2019 | C7: May | D7: 142 | E7: =(D7-D6)/D6 -> 0.030478955
A8: Rural+Urban | B8: 2020 | C8: May | D8: 151.01667 | E8: =(D8-D7)/D7 -> 0.063497653
A9: Rural+Urban | B9: 2021 | C9: May | D9: 160.4 | E9: =(D9-D8)/D8 -> 0.062134422
A10: Rural+Urban | B10: 2022 | C10: May | D10: 171.7 | E10: =(D10-D9)/D9 -> 0.070448878
A11: Rural+Urban | B11: 2023 | C11: May | D11: 179.1 | E11: =(D11-D10)/D10 -> 0.043098427
A13: 2022 is the year with highest inflation rate.
A20: Why 2022 is the year with highest inflation rate?
A22: Sector | B22: Year | C22: Month | D22: Cereals and products | E22: Meat and fish | F22: Egg | G22: Milk and products | H22: Oils and fats | I22: Fruits | J22: Vegetables | K22: Pulses and products | L22: Sugar and Confectionery | M22: Spices | N22: Nonalcoholic beverages | O22: Prepared meals, scks, sweets etc. | P22: Food and beverages | Q22: Pan, tobacco and intoxicants | R22: Clothing | S22: Footwear | T22: Clothing and footwear | U22: Housing | V22: Fuel and light | W22: Household goods and services | X22: Health | Y22: Persol care and effects | Z22: Education | AA22: Recreation and amusement | AB22: Transport and communication | AC22: Miscellaneous
A23: Rural+Urban | B23: 2022 | C23: January | D23: 149.5 | E23: 198.7 | F23: 178.8 | G23: 160.5 | H23: 184.7 | I23: 153.7 | J23: 174.3 | K23: 163.9 | L23: 120 | M23: 172.1 | N23: 164.3 | O23: 177.3 | P23: 166.4 | Q23: 192.2 | R23: 169.9 | S23: 160.7 | T23: 168.5 | U23: 164.5 | V23: 164.2 | W23: 161.1 | X23: 171.4 | Y23: 163 | Z23: 164.7 | AA23: 161.2 | AB23: 156.5 | AC23: 162.7
A24: Rural+Urban | B24: 2022 | C24: February | D24: 150 | E24: 200.6 | F24: 175.8 | G24: 160.7 | H24: 184.9 | I24: 153.7 | J24: 169.7 | K24: 163.7 | L24: 118.9 | M24: 174.3 | N24: 164.7 | O24: 178 | P24: 166.2 | Q24: 192.8 | R24: 170.8 | S24: 162.4 | T24: 169.6 | U24: 165.5 | V24: 165.7 | W24: 161.8 | X24: 172.2 | Y24: 164.4 | Z24: 165.4 | AA24: 162.1 | AB24: 156.9 | AC24: 163.5
A25: Rural+Urban | B25: 2022 | C25: March | D25: 151.3 | E25: 210.7 | F25: 167.8 | G25: 162.2 | H25: 194.6 | I25: 157.6 | J25: 166.9 | K25: 163.9 | L25: 118.8 | M25: 177.4 | N25: 165.3 | O25: 179.3 | P25: 168.4 | Q25: 193.7 | R25: 172.1 | S25: 164.6 | T25: 171.1 | U25: 165.3 | V25: 167.2 | W25: 162.8 | X25: 173 | Y25: 167.2 | Z25: 166 | AA25: 163.3 | AB25: 157.9 | AC25: 164.6
A26: Rural+Urban | B26: 2022 | C26: April | D26: 152.9 | E26: 211.8 | F26: 164.5 | G26: 163.9 | H26: 199.5 | I26: 172.6 | J26: 166.2 | K26: 164.7 | L26: 119 | M26: 181.3 | N26: 166.2 | O26: 180.9 | P26: 170.8 | Q26: 193.9 | R26: 173.9 | S26: 166.5 | T26: 172.8 | U26: 167 | V26: 172.2 | W26: 164 | X26: 174 | Y26: 168.8 | Z26: 166.9 | AA26: 164.4 | AB26: 162.6 | AC26: 166.8
A27: Rural+Urban | B27: 2022 | C27: May | D27: 154.1 | E27: 217 | F27: 162.4 | G27: 164.9 | H27: 202.4 | I27: 171 | J27: 174.9 | K27: 164.7 | L27: 119.7 | M27: 184.9 | N27: 167.1 | O27: 182.5 | P27: 173.3 | Q27: 194.1 | R27: 175.6 | S27: 168.4 | T27: 174.6 | U27: 167.5 | V27: 174.6 | W27: 165.2 | X27: 174.8 | Y27: 168.4 | Z27: 167.9 | AA27: 165.1 | AB27: 163 | AC27: 167.5
A28: Rural+Urban | B28: 2022 | C28: June | D28: 155 | E28: 219.4 | F28: 170.8 | G28: 165.8 | H28: 200.9 | I28: 169.7 | J28: 182.3 | K28: 164.3 | L28: 119.9 | M28: 187.1 | N28: 167.9 | O28: 183.9 | P28: 174.9 | Q28: 194.3 | R28: 177.1 | S28: 169.9 | T28: 176 | U28: 166.8 | V28: 176 | W28: 166.4 | X28: 175.4 | Y28: 169.4 | Z28: 169 | AA28: 165.8 | AB28: 161.1 | AC28: 167.5
A29: Rural+Urban | B29: 2022 | C29: July | D29: 156.5 | E29: 213 | F29: 175.2 | G29: 166.6 | H29: 195.8 | I29: 174.2 | J29: 182.1 | K29: 164.3 | L29: 120 | M29: 190 | N29: 168.4 | O29: 185.2 | P29: 175 | Q29: 194.6 | R29: 178.3 | S29: 171.3 | T29: 177.3 | U29: 167.8 | V29: 179.6 | W29: 167.4 | X29: 176.1 | Y29: 169.7 | Z29: 171.4 | AA29: 166.3 | AB29: 161.6 | AC29: 168.4
A30: Rural+Urban | B30: 2022 | C30: August | D30: 160.3 | E30: 206.5 | F30: 169.2 | G30: 168.1 | H30: 192.4 | I30: 172.9 | J30: 186.7 | K30: 167.2 | L30: 120.9 | M30: 193.6 | N30: 168.8 | O30: 186.3 | P30: 176.3 | Q30: 195 | R30: 179.5 | S30: 172.7 | T30: 178.5 | U30: 169 | V30: 178.8 | W30: 168.5 | X30: 176.8 | Y30: 171.2 | Z30: 172.3 | AA30: 166.9 | AB30: 161.9 | AC30: 169.1
A31: Rural+Urban | B31: 2022 | C31: September | D31: 163.5 | E31: 209.2 | F31: 169.7 | G31: 169.7 | H31: 188.7 | I31: 165.7 | J31: 191.8 | K31: 169.1 | L31: 121.6 | M31: 197.3 | N31: 169.4 | O31: 187.4 | P31: 177.8 | Q31: 195.9 | R31: 180.9 | S31: 174.3 | T31: 179.9 | U31: 169.5 | V31: 179.5 | W31: 169.5 | X31: 177.8 | Y31: 170.9 | Z31: 173.1 | AA31: 167.6 | AB31: 162.3 | AC31: 169.7
A32: Rural+Urban | B32: 2022 | C32: October | D32: 165.2 | E32: 210.9 | F32: 170.9 | G32: 170.9 | H32: 186.5 | I32: 163.8 | J32: 199.7 | K32: 169.8 | L32: 121.9 | M32: 199.9 | N32: 169.9 | O32: 188.3 | P32: 179.6 | Q32: 196.3 | R32: 181.9 | S32: 175.3 | T32: 181 | U32: 171.2 | V32: 180.5 | W32: 170.4 | X32: 178.7 | Y32: 172.1 | Z32: 173.4 | AA32: 168.2 | AB32: 162.9 | AC32: 170.5
A33: Rural+Urban | B33: 2022 | C33: November | D33: 167.4 | E33: 209.4 | F33: 181.4 | G33: 172.3 | H33: 188.9 | I33: 160.7 | J33: 183.1 | K33: 170.5 | L33: 122.1 | M33: 202.8 | N33: 170.4 | O33: 189.5 | P33: 178.3 | Q33: 196.9 | R33: 183.1 | S33: 176.2 | T33: 182.1 | U33: 171.8 | V33: 181.3 | W33: 171.4 | X33: 179.8 | Y33: 173.6 | Z33: 173.7 | AA33: 168.5 | AB33: 163 | AC33: 171.1
A34: Rural+Urban | B34: 2022 | C34: December | D34: 169.2 | E34: 209 | F34: 190.2 | G34: 173.6 | H34: 188.5 | I34: 158 | J34: 159.9 | K34: 170.8 | L34: 121.8 | M34: 205.2 | N34: 171 | O34: 190.3 | P34: 175.9 | Q34: 197.3 | R34: 184 | S34: 177 | T34: 183 | U34: 170.7 | V34: 182 | W34: 172.1 | X34: 181.1 | Y34: 175.8 | Z34: 174.1 | AA34: 168.9 | AB34: 163.4 | AC34: 172
C36: INFLATION % | D36: =(D34-D23)/D23 -> 0.13177258 | E36: =(E34-E23)/E23 -> 0.05183694 | F36: =(F34-F23)/F23 -> 0.063758389 | G36: =(G34-G23)/G23 -> 0.081619938 | H36: =(H34-H23)/H23 -> 0.020573904 | I36: =(I34-I23)/I23 -> 0.027976578 | J36: =(J34-J23)/J23 -> -0.082616179 | K36: =(K34-K23)/K23 -> 0.042098841 | ... AC36: =(AC34-AC23)/AC23 -> 0.057160418
A39: Prices of Cereals and products, Spices and Fuel and light increased in year 2022 which is the reason of high inflation rate in the year 2022.

Sheet Problem 3 data
A1: Ques : Analyze food category price trends from June 2022 to May 2023 and identify the month with the highest food inflation.
A3: Sector | B3: Year | C3: Month | D3: Month no. | E3: Food and Beverages | I3: Sectors | J3: Year | K3: Month | L3: Month no. | M3: Cereals and products | N3: Meat and fish | O3: Egg | P3: Milk and products | Q3: Oils and fats | R3: Fruits | S3: Vegetables | T3: Pulses and products | U3: Sugar and Confectionery | V3: Spices | W3: Nonalcoholic beverages | X3: Prepared meals, scks, sweets etc. | Y3: Food and beverages
A4: Rural | B4: 2022 | C4: May | D4: 5 | E4: 2226.8 | I4: Rural | J4: 2022 | K4: May | L4: =IF(K4="January",1, IF(K4="february",2, IF(K4="march",3, IF(K4="april",4, IF(K4="may",5, IF(K4="june",6, IF(K4="july",7, IF(K4="august",8, IF(K4="september",9, IF(K4="october",10, IF(K4="november",11, IF(K4="december",12, )))))))))))) -> 5 | M4: 152.9 | N4: 214.7 | O4: 161.4 | P4: 164.6 | Q4: 209.9 | R4: 168 | S4: 160.4 | T4: 165 | U4: 118.9 | V4: 186.6 | W4: 173.2 | X4: 180.4 | Y4: 170.8
A5: Rural+Urban | B5: 2022 | C5: May | D5: 5 | E5: 2238.9 | I5: Rural+Urban | J5: 2022 | K5: May | L5: =IF(K5="January",1, IF(K5="february",2, IF(K5="march",3, IF(K5="april",4, IF(K5="may",5, IF(K5="june",6, IF(K5="july",7, IF(K5="august",8, IF(K5="september",9, IF(K5="october",10, IF(K5="november",11, IF(K5="december",12, )))))))))))) -> 5 | M5: 154.1 | N5: 217 | O5: 162.4 | P5: 164.9 | Q5: 202.4 | R5: 171 | S5: 174.9 | T5: 164.7 | U5: 119.7 | V5: 184.9 | W5: 167.1 | X5: 182.5 | Y5: 173.3
A6: Urban | B6: 2022 | C6: May | D6: 5 | E6: 2262.2 | I6: Urban | J6: 2022 | K6: May | L6: =IF(K6="January",1, IF(K6="february",2, IF(K6="march",3, IF(K6="april",4, IF(K6="may",5, IF(K6="june",6, IF(K6="july",7, IF(K6="august",8, IF(K6="september",9, IF(K6="october",10, IF(K6="november",11, IF(K6="december",12, )))))))))))) -> 5 | M6: 156.7 | N6: 221.2 | O6: 164.1 | P6: 165.4 | Q6: 189.5 | R6: 174.5 | S6: 203.2 | T6: 164.1 | U6: 121.2 | V6: 181.4 | W6: 158.5 | X6: 184.9 | Y6: 177.5
A7: Rural | B7: 2022 | C7: June | D7: 6 | E7: 2248.3 | I7: Rural | J7: 2022 | K7: June | L7: 6 | M7: 153.8 | N7: 217.2 | O7: 169.6 | P7: 165.4 | Q7: 208.1 | R7: 165.8 | S7: 167.3 | T7: 164.6 | U7: 119.1 | V7: 188.9 | W7: 174.2 | X7: 181.9 | Y7: 172.4
A8: Rural+Urban | B8: 2022 | C8: June | D8: 6 | E8: 2261.9 | I8: Rural+Urban | J8: 2022 | K8: June | L8: 6 | M8: 155 | N8: 219.4 | O8: 170.8 | P8: 165.8 | Q8: 200.9 | R8: 169.7 | S8: 182.3 | T8: 164.3 | U8: 119.9 | V8: 187.1 | W8: 167.9 | X8: 183.9 | Y8: 174.9
A9: Urban | B9: 2022 | C9: June | D9: 6 | E9: 2287.5 | I9: Urban | J9: 2022 | K9: June | L9: 6 | M9: 157.5 | N9: 223.4 | O9: 172.8 | P9: 166.4 | Q9: 188.6 | R9: 174.1 | S9: 211.5 | T9: 163.6 | U9: 121.4 | V9: 183.5 | W9: 159.1 | X9: 186.3 | Y9: 179.3
A10: Rural | B10: 2022 | C10: July | D10: 7 | E10: 2252.5 | I10: Rural | J10: 2022 | K10: July | L10: 7 | M10: 155.2 | N10: 210.8 | O10: 174.3 | P10: 166.3 | Q10: 202.2 | R10: 169.6 | S10: 168.6 | T10: 164.4 | U10: 119.2 | V10: 191.8 | W10: 174.5 | X10: 183.1 | Y10: 172.5
A11: Rural+Urban | B11: 2022 | C11: July | D11: 7 | E11: 2266.3 | I11: Rural+Urban | J11: 2022 | K11: July | L11: 7 | M11: 156.5 | N11: 213 | O11: 175.2 | P11: 166.6 | Q11: 195.8 | R11: 174.2 | S11: 182.1 | T11: 164.3 | U11: 120 | V11: 190 | W11: 168.4 | X11: 185.2 | Y11: 175
A12: Urban | B12: 2022 | C12: July | D12: 7 | E12: 2291.6 | I12: Urban | J12: 2022 | K12: July | L12: 7 | M12: 159.3 | N12: 217.1 | O12: 176.6 | P12: 167.1 | Q12: 184.8 | R12: 179.5 | S12: 208.5 | T12: 164 | U12: 121.5 | V12: 186.3 | W12: 159.8 | X12: 187.7 | Y12: 179.4
A13: Rural | B13: 2022 | C13: August | D13: 8 | E13: 2255.8 | I13: Rural | J13: 2022 | K13: August | L13: 8 | M13: 159.5 | N13: 204.1 | O13: 168.3 | P13: 167.9 | Q13: 198.1 | R13: 169.2 | S13: 173.1 | T13: 167.1 | U13: 120.2 | V13: 195.6 | W13: 174.8 | X13: 184 | Y13: 173.9
A14: Rural+Urban | B14: 2022 | C14: August | D14: 8 | E14: 2269.2 | I14: Rural+Urban | J14: 2022 | K14: August | L14: 8 | M14: 160.3 | N14: 206.5 | O14: 169.2 | P14: 168.1 | Q14: 192.4 | R14: 172.9 | S14: 186.7 | T14: 167.2 | U14: 120.9 | V14: 193.6 | W14: 168.8 | X14: 186.3 | Y14: 176.3
A15: Urban | B15: 2022 | C15: August | D15: 8 | E15: 2293.7 | I15: Urban | J15: 2022 | K15: August | L15: 8 | M15: 162.1 | N15: 210.9 | O15: 170.6 | P15: 168.4 | Q15: 182.5 | R15: 177.1 | S15: 213.1 | T15: 167.3 | U15: 122.2 | V15: 189.7 | W15: 160.5 | X15: 188.9 | Y15: 180.4
A16: Rural | B16: 2022 | C16: September | D16: 9 | E16: 2267.8 | I16: Rural | J16: 2022 | K16: September | L16: 9 | M16: 162.9 | N16: 206.7 | O16: 169 | P16: 169.5 | Q16: 194.1 | R16: 164.1 | S16: 176.9 | T16: 169 | U16: 120.8 | V16: 199.1 | W16: 175.4 | X16: 184.8 | Y16: 175.5
A17: Rural+Urban | B17: 2022 | C17: September | D17: 9 | E17: 2280.9 | I17: Rural+Urban | J17: 2022 | K17: September | L17: 9 | M17: 163.5 | N17: 209.2 | O17: 169.7 | P17: 169.7 | Q17: 188.7 | R17: 165.7 | S17: 191.8 | T17: 169.1 | U17: 121.6 | V17: 197.3 | W17: 169.4 | X17: 187.4 | Y17: 177.8
A18: Urban | B18: 2022 | C18: September | D18: 9 | E18: 2306.4 | I18: Urban | J18: 2022 | K18: September | L18: 9 | M18: 164.9 | N18: 213.7 | O18: 170.9 | P18: 170.1 | Q18: 179.3 | R18: 167.5 | S18: 220.8 | T18: 169.2 | U18: 123.1 | V18: 193.6 | W18: 161.1 | X18: 190.4 | Y18: 181.8
... A42: Urban | B42: 2023 | C42: May | D42: 5 | E42: 2335.1 | I42: Urban | J42: 2023 | K42: May | L42: 5 | M42: 174.7 | N42: 219.4 | O42: 176.7 | P42: 179.4 | Q42: 164.4 | R42: 175.8 | S42: 185 | T42: 176.9 | U42: 124.2 | V42: 211.9 | W42: 165.9 | X42: 197.7 | Y42: 183.1

Sheet Problem 3
I2: =MAX(G2:G13) -> 0.010374708 | J2: =_xlfn.FORMULATEXT(I2) -> =MAX(G2:G13)
A3: Sum of Food and Beverages | C3: Sector | I3: =MIN(G2:G13) -> -0.0061748974 | J3: =_xlfn.FORMULATEXT(I3) -> =MIN(G2:G13)
A4: Year | B4: Month | C4: Rural | D4: Rural+Urban | E4: Urban | F4: Grand Total | G4: Inflation
A5: 2022 | B5: May | C5: 2226.8 | D5: 2238.9 | E5: 2262.2 | F5: 6727.9 | G5: -
B6: June | C6: 2248.3 | D6: 2261.9 | E6: 2287.5 | F6: 6797.7 | G6: =(F6-F5)/F5 -> 0.010374708
B7: July | C7: 2252.5 | D7: 2266.3 | E7: 2291.6 | F7: 6810.4 | G7: =(F7-F6)/F6 -> 0.001868279
B8: August | C8: 2255.8 | D8: 2269.2 | E8: 2293.7 | F8: 6818.7 | G8: =(F8-F7)/F7 -> 0.0012187243
B9: September | C9: 2267.8 | D9: 2280.9 | E9: 2306.4 | F9: 6855.1 | G9: =(F9-F8)/F8 -> 0.005338261
B10: October | C10: 2284.5 | D10: 2297.3 | E10: 2322.3 | F10: 6904.1 | G10: =(F10-F9)/F9 -> 0.0071479628
B11: November | C11: 2287.7 | D11: 2296.8 | E11: 2314.4 | F11: 6898.9 | G11: =(F11-F10)/F10 -> -0.00075317565
B12: December | C12: 2277.1 | D12: 2283.4 | E12: 2295.8 | F12: 6856.3 | G12: =(F12-F11)/F11 -> -0.0061748974
A13: 2023 | B13: January | C13: 2283.2 | D13: 2292.7 | E13: 2310.2 | F13: 6886.1 | G13: =(F13-F12)/F12 -> 0.0043463676
B14: February | C14: 2265.7 | D14: 2279.1 | E14: 2303.2 | F14: 6848 | G14: =(F14-F13)/F13 -> -0.0055328851
B15: March | C15: 2265.8 | D15: 2279.2 | E15: 2303.4 | F15: 6848.4 | G15: =(F15-F14)/F14 -> 5.8411215e-05
B16: April | C16: 2274.2 | D16: 2289.6 | E16: 2317.7 | F16: 6881.5 | G16: =(F16-F15)/F15 -> 0.0048332457
B17: May | C17: 2290.7 | D17: 2306.9 | E17: 2335.1 | F17: 6932.7 | G17: =(F17-F16)/F16 -> 0.0074402383
A19: June month has the highest inflation rate whereas in december inflation rate is lowest.
A21: Which individual category contributes the highest ?
A23: Sectors | B23: Year | C23: Month | D23: Month no. | E23: Cereals and products | F23: Meat and fish | G23: Egg | H23: Milk and products | I23: Oils and fats | J23: Fruits | K23: Vegetables | L23: Pulses and products | M23: Sugar and Confectionery | N23: Spices | O23: Nonalcoholic beverages | P23: Prepared meals, scks, sweets etc. | Q23: Food and beverages
A24: Rural+Urban | B24: 2022 | C24: June | D24: 6 | E24: 155 | F24: 219.4 | G24: 170.8 | H24: 165.8 | I24: 200.9 | J24: 169.7 | K24: 182.3 | L24: 164.3 | M24: 119.9 | N24: 187.1 | O24: 167.9 | P24: 183.9 | Q24: 174.9
A25: Rural+Urban | B25: 2022 | C25: July | D25: 7 | E25: 156.5 | F25: 213 | G25: 175.2 | H25: 166.6 | I25: 195.8 | J25: 174.2 | K25: 182.1 | L25: 164.3 | M25: 120 | N25: 190 | O25: 168.4 | P25: 185.2 | Q25: 175
A26: Rural+Urban | B26: 2022 | C26: August | D26: 8 | E26: 160.3 | F26: 206.5 | G26: 169.2 | H26: 168.1 | I26: 192.4 | J26: 172.9 | K26: 186.7 | L26: 167.2 | M26: 120.9 | N26: 193.6 | O26: 168.8 | P26: 186.3 | Q26: 176.3
A27: Rural+Urban | B27: 2022 | C27: September | D27: 9 | E27: 163.5 | F27: 209.2 | G27: 169.7 | H27: 169.7 | I27: 188.7 | J27: 165.7 | K27: 191.8 | L27: 169.1 | M27: 121.6 | N27: 197.3 | O27: 169.4 | P27: 187.4 | Q27: 177.8
A28: Rural+Urban | B28: 2022 | C28: October | D28: 10 | E28: 165.2 | F28: 210.9 | G28: 170.9 | H28: 170.9 | I28: 186.5 | J28: 163.8 | K28: 199.7 | L28: 169.8 | M28: 121.9 | N28: 199.9 | O28: 169.9 | P28: 188.3 | Q28: 179.6
A29: Rural+Urban | B29: 2022 | C29: November | D29: 11 | E29: 167.4 | F29: 209.4 | G29: 181.4 | H29: 172.3 | I29: 188.9 | J29: 160.7 | K29: 183.1 | L29: 170.5 | M29: 122.1 | N29: 202.8 | O29: 170.4 | P29: 189.5 | Q29: 178.3
A30: Rural+Urban | B30: 2022 | C30: December | D30: 12 | E30: 169.2 | F30: 209 | G30: 190.2 | H30: 173.6 | I30: 188.5 | J30: 158 | K30: 159.9 | L30: 170.8 | M30: 121.8 | N30: 205.2 | O30: 171 | P30: 190.3 | Q30: 175.9
A31: Rural+Urban | B31: 2023 | C31: January | D31: 1 | E31: 173.8 | F31: 210.7 | G31: 194.5 | H31: 174.6 | I31: 187.2 | J31: 158.3 | K31: 153.9 | L31: 170.9 | M31: 121.1 | N31: 208.4 | O31: 171.4 | P31: 191.2 | Q31: 176.7
A32: Rural+Urban | B32: 2023 | C32: February | D32: 2 | E32: 174.4 | F32: 207.7 | G32: 175.2 | H32: 177.3 | I32: 179.3 | J32: 169.5 | K32: 152.7 | L32: 171 | M32: 120 | N32: 209.7 | O32: 172.3 | P32: 193 | Q32: 177
A33: Rural+Urban | B33: 2023 | C33: March | D33: 3 | E33: 174.4 | F33: 207.7 | G33: 175.2 | H33: 177.3 | I33: 179.2 | J33: 169.5 | K33: 152.8 | L33: 171.1 | M33: 120 | N33: 209.7 | O33: 172.3 | P33: 193 | Q33: 177
A34: Rural+Urban | B34: 2023 | C34: April | D34: 4 | E34: 173.8 | F34: 209.3 | G34: 169.6 | H34: 178.4 | I34: 174.9 | J34: 176.3 | K34: 155.4 | L34: 173.4 | M34: 121.3 | N34: 212.9 | O34: 172.9 | P34: 193.5 | Q34: 177.9
A35: Rural+Urban | B35: 2023 | C35: May | D35: 5 | E35: 173.7 | F35: 214.3 | G35: 173.2 | H35: 179.5 | I35: 170 | J35: 172.2 | K35: 161 | L35: 175.6 | M35: 122.7 | N35: 218 | O35: 173.4 | P35: 194.2 | Q35: 179.1
D36: Inflation | E36: =(E35-E24)/E24 -> 0.12064516 | F36: =(F35-F24)/F24 -> -0.023245214 | G36: =(G35-G24)/G24 -> 0.014051522 | H36: =(H35-H24)/H24 -> 0.082629674 | I36: =(I35-I24)/I24 -> -0.15380786 | J36: =(J35-J24)/J24 -> 0.01473188 | K36: =(K35-K24)/K24 -> -0.11684037 | L36: =(L35-L24)/L24 -> 0.068776628 | ... Q36: =(Q35-Q24)/Q24 -> 0.024013722
A39: Cereals and products & Spices are the individual category that contributes the highest in rising inflation rate.

Sheet Problem 4
A1: Ques : Evaluate the impact of COVID-19 on CPI inflation by comparing trends before and after the pandemic (Mar 20 ) on categories like health,food and essential services.
A3: RURAL
A5: Year | B5: Month | C5: Health | F5: Inflation | H5: Year | I5: Month | J5: Food and Beverages | K5: Inflation | M5: Year | N5: Month | O5: Essential Services | P5: Inflation | S5: Inflation % for Rural areas
A6: 2017 | B6: March | C6: 130.6 | F6: - | H6: 2017 | I6: March | J6: 1728.5 | K6: - | M6: 2017 | N6: March | O6: 375.5 | P6: - | S6: Year | T6: Health | U6: Food and Beverages | V6: Essential Services
A7: 2018 | B7: March | C7: 136.7 | F7: =(C7-C6)/C6 -> 0.046707504 | H7: 2018 | I7: March | J7: 1782 | K7: =(J7-J6)/J6 -> 0.030951692 | M7: 2018 | N7: March | O7: 393 | P7: =(O7-O6)/O6 -> 0.046604527 | S7: 2018 | T7: 0.046707504 | U7: 0.030951692 | V7: 0.046604527
A8: 2019 | B8: March | C8: 150.4 | F8: =(C8-C7)/C7 -> 0.10021946 | H8: 2019 | I8: March | J8: 1761.2 | K8: =(J8-J7)/J7 -> -0.011672278 | M8: 2019 | N8: March | O8: 416.1 | P8: =(O8-O7)/O7 -> 0.058778626 | S8: 2019 | T8: 0.10021946 | U8: -0.011672278 | V8: 0.058778626
A9: 2020 | B9: March | C9: 156.7 | F9: =(C9-C8)/C8 -> 0.041888298 | H9: 2020 | I9: March | J9: 1894.6 | K9: =(J9-J8)/J8 -> 0.075743811 | M9: 2020 | N9: March | O9: 435.6 | P9: =(O9-O8)/O8 -> 0.046863735 | S9: 2020 | T9: 0.041888298 | U9: 0.075743811 | V9: 0.046863735
A10: 2021 | B10: March | C10: 164.6 | F10: =(C10-C9)/C9 -> 0.050414805 | H10: 2021 | I10: March | J10: 2025.7 | K10: =(J10-J9)/J9 -> 0.069196664 | M10: 2021 | N10: March | O10: 466.4 | P10: =(O10-O9)/O9 -> 0.070707071 | S10: 2021 | T10: 0.050414805 | U10: 0.069196664 | V10: 0.070707071
A11: 2022 | B11: March | C11: 176 | F11: =(C11-C10)/C10 -> 0.069258809 | H11: 2022 | I11: March | J11: 2179.1 | K11: =(J11-J10)/J10 -> 0.075726909 | M11: 2022 | N11: March | O11: 496.9 | P11: =(O11-O10)/O10 -> 0.065394511 | S11: 2022 | T11: 0.069258809 | U11: 0.075726909 | V11: 0.065394511
A12: 2023 | B12: March | C12: 186.6 | F12: =(C12-C11)/C11 -> 0.060227273 | H12: 2023 | I12: March | J12: 2265.8 | K12: =(J12-J11)/J11 -> 0.039787068 | M12: 2023 | N12: March | O12: 519.7 | P12: =(O12-O11)/O11 -> 0.045884484 | S12: 2023 | T12: 0.060227273 | U12: 0.039787068 | V12: 0.045884484
A16: URBAN
A18: Year | B18: Month | C18: Health | F18: Inflation | H18: Year | I18: Month | J18: Food and Beverages | K18: Inflation | M18: Year | N18: Month | O18: Essential Services | P18: Inflation | S18: Inflation % for Urban areas
A19: 2017 | B19: March | C19: 123.1 | F19: - | H19: 2017 | I19: March | J19: 1705.7 | K19: - | M19: 2017 | N19: March | O19: 360.6 | P19: - | S19: Year | T19: Health | U19: Food and Beverages | V19: Essential Services
A20: 2018 | B20: March | C20: 130.5 | F20: =(C20-C19)/C19 -> 0.060113729 | H20: 2018 | I20: March | J20: 1715.5 | K20: =(J20-J19)/J19 -> 0.0057454418 | M20: 2018 | N20: March | O20: 371.7 | P20: =(O20-O19)/O19 -> 0.03078203 | S20: 2018 | T20: 0.060113729 | U20: 0.0057454418 | V20: 0.03078203
A21: 2019 | B21: March | C21: 139.2 | F21: =(C21-C20)/C20 -> 0.066666667 | H21: 2019 | I21: March | J21: 1768.4 | K21: =(J21-J20)/J20 -> 0.030836491 | M21: 2019 | N21: March | O21: 385.7 | P21: =(O21-O20)/O20 -> 0.037664783 | S21: 2019 | T21: 0.066666667 | U21: 0.030836491 | V21: 0.037664783
A22: 2020 | B22: March | C22: 145 | F22: =(C22-C21)/C21 -> 0.041666667 | H22: 2020 | I22: March | J22: 1898.5 | K22: =(J22-J21)/J21 -> 0.073569328 | M22: 2020 | N22: March | O22: 401.2 | P22: =(O22-O21)/O21 -> 0.040186674 | S22: 2020 | T22: 0.041666667 | U22: 0.073569328 | V22: 0.040186674
A23: 2021 | B23: March | C23: 156.9 | F23: =(C23-C22)/C22 -> 0.082068966 | H23: 2021 | I23: March | J23: 2064.5 | K23: =(J23-J22)/J22 -> 0.087437451 | M23: 2021 | N23: March | O23: 440.3 | P23: =(O23-O22)/O22 -> 0.097457627 | S23: 2021 | T23: 0.082068966 | U23: 0.087437451 | V23: 0.097457627
A24: 2022 | B24: March | C24: 168.2 | F24: =(C24-C23)/C23 -> 0.072020395 | H24: 2022 | I24: March | J24: 2196.3 | K24: =(J24-J23)/J23 -> 0.063841124 | M24: 2022 | N24: March | O24: 475.6 | P24: =(O24-O23)/O23 -> 0.08017261 | S24: 2022 | T24: 0.072020395 | U24: 0.063841124 | V24: 0.08017261
A25: 2023 | B25: March | C25: 180.8 | F25: =(C25-C24)/C24 -> 0.07491082 | H25: 2023 | I25: March | J25: 2303.4 | K25: =(J25-J24)/J24 -> 0.04876383 | M25: 2023 | N25: March | O25: 498.2 | P25: =(O25-O24)/O24 -> 0.047518923 | S25: 2023 | T25: 0.07491082 | U25: 0.04876383 | V25: 0.047518923
A28: URBAN + RURAL
A30: Year | B30: Month | C30: Health | F30: Inflation | H30: Year | I30: Month | J30: Food and Beverages | K30: Inflation | M30: Year | N30: Month | O30: Essential Services | P30: Inflation | S30: Inflation % for Urban+Rural areas
A31: 2017 | B31: March | C31: 127.8 | F31: - | H31: 2017 | I31: March | J31: 1718.9 | K31: - | M31: 2017 | N31: March | O31: 367.7 | P31: - | S31: Year | T31: Health | U31: Food and Beverages | V31: Essential Services
A32: 2018 | B32: March | C32: 134.3 | F32: =(C32-C31)/C31 -> 0.05086072 | H32: 2018 | I32: March | J32: 1756 | K32: =(J32-J31)/J31 -> 0.021583571 | M32: 2018 | N32: March | O32: 381.7 | P32: =(O32-O31)/O31 -> 0.038074517 | S32: 2018 | T32: 0.05086072 | U32: 0.021583571 | V32: 0.038074517
A33: 2019 | B33: March | C33: 146.2 | F33: =(C33-C32)/C32 -> 0.088607595 | H33: 2019 | I33: March | J33: 1762.9 | K33: =(J33-J32)/J32 -> 0.003929385 | M33: 2019 | N33: March | O33: 400 | P33: =(O33-O32)/O32 -> 0.047943411 | S33: 2019 | T33: 0.088607595 | U33: 0.003929385 | V33: 0.047943411
A34: 2020 | B34: March | C34: 152.3 | F34: =(C34-C33)/C33 -> 0.041723666 | H34: 2020 | I34: March | J34: 1895.4 | K34: =(J34-J33)/J33 -> 0.075160247 | M34: 2020 | N34: March | O34: 417.4 | P34: =(O34-O33)/O33 -> 0.0435 | S34: 2020 | T34: 0.041723666 | U34: 0.075160247 | V34: 0.0435
A35: 2021 | B35: March | C35: 161.7 | F35: =(C35-C34)/C34 -> 0.061720289 | H35: 2021 | I35: March | J35: 2039.4 | K35: =(J35-J34)/J34 -> 0.075973409 | M35: 2021 | N35: March | O35: 452.6 | P35: =(O35-O34)/O34 -> 0.084331576 | S35: 2021 | T35: 0.061720289 | U35: 0.075973409 | V35: 0.084331576
A36: 2022 | B36: March | C36: 173 | F36: =(C36-C35)/C35 -> 0.069882498 | H36: 2022 | I36: March | J36: 2184.2 | K36: =(J36-J35)/J35 -> 0.071001275 | M36: 2022 | N36: March | O36: 485.8 | P36: =(O36-O35)/O35 -> 0.073353955 | S36: 2022 | T36: 0.069882498 | U36: 0.071001275 | V36: 0.073353955
A37: 2023 | B37: March | C37: 184.4 | F37: =(C37-C36)/C36 -> 0.065895954 | H37: 2023 | I37: March | J37: 2279.2 | K37: =(J37-J36)/J36 -> 0.043494186 | M37: 2023 | N37: March | O37: 508.6 | P37: =(O37-O36)/O36 -> 0.046932894 | S37: 2023 | T37: 0.065895954 | U37: 0.043494186 | V37: 0.046932894
B60: Health inflation shows a sustained,elevated rise across all the sectors post-covid which signifies increase in medical service cost.
B61: Food and Beverages category experienced a sharp spike in inflation across all the sectors post -covid due to demand and supply.
B62: Essential services shows a high upward trend across all the sectors post - covid influenced by high global fuel prices and transport services.

Sheet Crude oil dataset
A2: Petroleum Planning & Analysis Cell
A8: Crude Oil FOB Price (Indian Basket)
A10: Table Posted: (01-04-2025)
A11: Period : Since 2000-01
O12: ($/bbl.)
A13: Year | B13: 33329 | C13: 33359 | D13: 33390 | E13: 33420 | F13: 33451 | G13: 33482 | H13: 33512 | I13: 33543 | J13: 33573 | K13: 33604 | L13: 33635 | M13: 33664 | N13: Average | O13: Ratio *
A14: 2000-01 | B14: 22.51 | C14: 26.6 | D14: 28.49 | E14: 27.26 | F14: 28.328849 | G14: 31.34 | H14: 30.5 | I14: 30.926622 | J14: 23.25 | K14: 24.02 | L14: 25.92 | M14: 23.82 | N14: 26.924167 | O14: 57:43
A15: 2001-02 | B15: 24.82 | C15: 26.95 | D15: 26.63 | E15: 23.99 | F15: 25.01 | G15: 24.79 | H15: 20.05 | I15: 18.24 | J15: 18.24 | K15: 18.92 | L15: 19.529987 | M15: 23.31 | N15: 22.551701 | O15: 57:43
A16: 2002-03 | B16: 25.029406 | C16: 24.994865 | D16: 24.051814 | E16: 25.183222 | F16: 25.855818 | G16: 27.495243 | H16: 26.902101 | I16: 23.682512 | J16: 27.110101 | K16: 29.59255 | L16: 31.308381 | M16: 28.825039 | N16: 26.6 | O16: 57:43
A17: 2003-04 | B17: 24.214592 | C17: 24.988879 | D17: 26.425925 | E17: 27.45845 | F17: 28.663599 | G17: 26.265218 | H17: 28.449944 | I17: 28.226284 | J17: 28.966611 | K17: 29.999534 | L17: 29.647267 | M17: 32.210323 | N17: 27.98 | O17: 57:43
A18: 2004-05 | B18: 32.365205 | C18: 36.078851 | D18: 34.159548 | E18: 36.353382 | F18: 40.5172 | G18: 39.149477 | H18: 43.375467 | I18: 38.89887 | J18: 36.816215 | K18: 40.962002 | L18: 42.670599 | M18: 49.27002 | N18: 39.205833 | O18: 57:43
A19: 2005-06 | B19: 49.427602 | C19: 46.995224 | D19: 52.720745 | E19: 55.008083 | F19: 60.048336 | G19: 59.739214 | H19: 56.279062 | I19: 53.143808 | J19: 55.045629 | K19: 60.542917 | L19: 58.95333 | M19: 60.011574 | N19: 55.72 | O19: 58:42
A20: 2006-07 | B20: 67.055031 | C20: 67.223591 | D20: 66.897535 | E20: 71.285795 | F20: 70.775922 | G20: 60.933454 | H20: 57.270685 | I20: 57.793638 | J20: 60.344671 | K20: 52.529441 | L20: 56.531045 | M20: 60.262108 | N20: 62.46 | O20: 59.8:40.2
A21: 2007-08 | B21: 65.481951 | C21: 65.695437 | D21: 68.099251 | E21: 72.575062 | F21: 68.982337 | G21: 74.776604 | H21: 79.327164 | I21: 89.107014 | J21: 87.921265 | K21: 89.517554 | L21: 92.374237 | M21: 99.759819 | N21: 79.249167 | O21: 61.4:38.6
A22: 2008-09 | B22: 105.72015 | C22: 120.90896 | D22: 129.71536 | E22: 132.47125 | F22: 113.05439 | G22: 96.812892 | H22: 69.121527 | I22: 50.907636 | J22: 40.611433 | K22: 43.986058 | L22: 43.217028 | M22: 46.021762 | N22: 83.566667 | O22: 62.3:37.7
A23: 2009-10 | B23: 50.135602 | C23: 58.00336 | D23: 69.115276 | E23: 64.82461 | F23: 71.979192 | G23: 67.70165 | H23: 73.064289 | I23: 77.390866 | J23: 75.016223 | K23: 76.608826 | L23: 73.694278 | M23: 78.0183 | N23: 69.76227 | O23: 63.5:36.5
A24: 2010-11 | B24: 84.081729 | C24: 76.161428 | D24: 74.33109 | E24: 73.543052 | F24: 75.126989 | G24: 76.093 | H24: 81.109814 | I24: 84.255699 | J24: 89.772982 | K24: 93.868448 | L24: 101.621 | M24: 110.71447 | N24: 85.09 | O24: 67.6:32.4
A25: 2011-12 | B25: 118.63579 | C25: 110.80254 | D25: 109.99407 | E25: 112.52711 | F25: 106.93536 | G25: 108.79065 | H25: 106.10837 | I25: 109.61574 | J25: 107.19389 | K25: 110.46828 | L25: 117.6662 | M25: 123.61056 | N25: 111.89 | O25: 65.2:34.8
... A38: 2024-25 | B38: 89.437476 | C38: 83.624938 | D38: 82.552871 | E38: 84.148165 | F38: 78.270687 | G38: 73.694889 | H38: 75.124705 | I38: 73.016987 | J38: 73.336847 | K38: 80.196197 | L38: 77.328567 | M38: 72.466606 | N38: 78.560027 | O38: 78.50:21.50
A39: Notes:
A40: * The composition of Indian Basket of Crude represents Average of Oman & Dubai for sour grades and Brent (Dated) for sweet grade in the ratio of crude processed during previous financial year, e.g. ratio of crude processed as indicated in the table above.
A41: - Crude oil prices are average of daily prices of respective month.

Sheet Problem 5
A1: Ques : Analyze the impact of imported oil price fluctuations on CPI from year 2021 to 2023 ( Month on Month ) and identify highly correlated categories.
A3: For "RURAL" Areas:
A4: Months | B4: Crude oil price | C4: Cereals and products | D4: Meat and fish | E4: Egg | F4: Milk and products | G4: Oils and fats | H4: Fruits | I4: Vegetables | J4: Pulses and products | K4: Sugar and Confectionery | L4: Spices | M4: Nonalcoholic beverages | N4: Prepared meals, scks, sweets etc. | O4: Food and beverages | P4: Pan, tobacco and intoxicants | Q4: Clothing | R4: Footwear | S4: Clothing and footwear | T4: Housing | U4: Fuel and light | V4: Household goods and services | W4: Health | X4: Persol care and effects | Y4: Education | Z4: Recreation and amusement | AA4: Transport and communication | AB4: Miscellaneous
A5: 44287 | B5: 63.396977 | C5: 142.7 | D5: 195.5 | E5: 163.4 | F5: 155 | G5: 175.2 | H5: 160.6 | I5: 135.1 | J5: 161.1 | K5: 112.2 | L5: 164.4 | M5: 161.9 | N5: 166.8 | O5: 155.6 | P5: 186.8 | Q5: 160.7 | R5: 155.1 | S5: 159.9 | T5: 161.4 | U5: 156 | V5: 155.5 | W5: 165.3 | X5: 154.6 | Y5: 164.1 | Z5: 158.6 | AA5: 151.7 | AB5: 158
A6: 44317 | B6: 66.953085 | C6: 145.1 | D6: 198.5 | E6: 168.6 | F6: 155.8 | G6: 184.4 | H6: 162.3 | I6: 138.4 | J6: 165.1 | K6: 114.3 | L6: 169.7 | M6: 164.6 | N6: 169.8 | O6: 158.7 | P6: 189.6 | Q6: 165.3 | R6: 160.6 | S6: 164.5 | T6: 161.6 | U6: 161.7 | V6: 158.8 | W6: 169.1 | X6: 159.3 | Y6: 167.6 | Z6: 160 | AA6: 153.2 | AB6: 161.1
A7: 44348 | B7: 71.982647 | C7: 145.6 | D7: 200.1 | E7: 179.3 | F7: 156.1 | G7: 190.4 | H7: 158.6 | I7: 144.7 | J7: 165.5 | K7: 114.6 | L7: 170 | M7: 165.5 | N7: 171.7 | O7: 160.5 | P7: 189.1 | Q7: 165.3 | R7: 159.9 | S7: 164.6 | T7: 160.5 | U7: 162.1 | V7: 159.2 | W7: 169.7 | X7: 159.4 | Y7: 166.8 | Z7: 160.4 | AA7: 154.2 | AB7: 161.5
A8: 44378 | B8: 73.539061 | C8: 145.1 | D8: 204.5 | E8: 180.4 | F8: 157.1 | G8: 188.7 | H8: 157.7 | I8: 152.8 | J8: 163.6 | K8: 113.9 | L8: 169.7 | M8: 166.2 | N8: 171 | O8: 161.7 | P8: 189.7 | Q8: 166 | R8: 161.1 | S8: 165.3 | T8: 161.5 | U8: 162.5 | V8: 160.3 | W8: 170.4 | X8: 160.4 | Y8: 167.2 | Z8: 160.7 | AA8: 157.1 | AB8: 162.8
A9: 44409 | B9: 69.804724 | C9: 144.9 | D9: 202.3 | E9: 176.5 | F9: 157.5 | G9: 190.9 | H9: 155.7 | I9: 153.9 | J9: 162.8 | K9: 115.2 | L9: 169.8 | M9: 167.6 | N9: 171.9 | O9: 161.8 | P9: 190.2 | Q9: 167 | R9: 162.6 | S9: 166.3 | T9: 162.1 | U9: 163.1 | V9: 160.9 | W9: 171.1 | X9: 160.3 | Y9: 167.5 | Z9: 161.1 | AA9: 157.7 | AB9: 163.3
A10: 44440 | B10: 73.130738 | C10: 145.4 | D10: 202.1 | E10: 172 | F10: 158 | G10: 195.5 | H10: 152.7 | I10: 151.4 | J10: 163.9 | K10: 119.3 | L10: 170.1 | M10: 168.3 | N10: 172.8 | O10: 162.1 | P10: 190.5 | Q10: 167.7 | R10: 163.6 | S10: 167.1 | T10: 162.1 | U10: 163.7 | V10: 161.3 | W10: 171.9 | X10: 160.2 | Y10: 168.5 | Z10: 162.7 | AA10: 157.8 | AB10: 163.8
A11: 44470 | B11: 82.107394 | C11: 146.1 | D11: 202.5 | E11: 170.1 | F11: 158.4 | G11: 198.8 | H11: 152.6 | I11: 170.4 | J11: 165.2 | K11: 121.6 | L11: 170.6 | M11: 168.8 | N11: 173.6 | O11: 165.5 | P11: 191.2 | Q11: 168.9 | R11: 164.8 | S11: 168.3 | T11: 163.6 | U11: 165.5 | V11: 162 | W11: 172.5 | X11: 161.1 | Y11: 169 | Z11: 163.2 | AA11: 159.5 | AB11: 164.7
A12: 44501 | B12: 80.637301 | C12: 146.9 | D12: 199.8 | E12: 171.5 | F12: 159.1 | G12: 198.4 | H12: 153.2 | I12: 183.9 | J12: 165.4 | K12: 122.1 | L12: 170.8 | M12: 169.1 | N12: 174.3 | O12: 167.5 | P12: 191.4 | Q12: 170.4 | R12: 166 | S12: 169.8 | T12: 164.2 | U12: 165.3 | V12: 162.9 | W12: 173.4 | X12: 162.4 | Y12: 169.3 | Z12: 163.8 | AA12: 158.9 | AB12: 165.2
A13: 44531 | B13: 73.298824 | C13: 147.4 | D13: 197 | E13: 176.5 | F13: 159.8 | G13: 195.8 | H13: 152 | I13: 172.3 | J13: 164.5 | K13: 120.6 | L13: 171.7 | M13: 169.7 | N13: 175.1 | O13: 165.8 | P13: 190.8 | Q13: 171.8 | R13: 167.3 | S13: 171.2 | T13: 163.4 | U13: 165.6 | V13: 163.9 | W13: 174 | X13: 162.8 | Y13: 169.7 | Z13: 164.5 | AA13: 160.1 | AB13: 166
A14: 44562 | B14: 84.666319 | C14: 148.3 | D14: 196.9 | E14: 178 | F14: 160.5 | G14: 192.6 | H14: 151.2 | I14: 159.2 | J14: 164 | K14: 119.3 | L14: 173.3 | M14: 169.8 | N14: 175.8 | O14: 164.1 | P14: 190.7 | Q14: 173.2 | R14: 169.3 | S14: 172.7 | T14: 164.5 | U14: 165.8 | V14: 164.9 | W14: 174.7 | X14: 163.2 | Y14: 169.9 | Z14: 164.9 | AA14: 160.8 | AB14: 166.6
A15: 44593 | B15: 94.067715 | C15: 148.8 | D15: 198.1 | E15: 175.5 | F15: 160.7 | G15: 192.6 | H15: 151.4 | I15: 155.2 | J15: 163.9 | K15: 118.1 | L15: 175.4 | M15: 170.5 | N15: 176.3 | O15: 163.9 | P15: 191.5 | Q15: 174.1 | R15: 171 | S15: 173.7 | T15: 165.5 | U15: 167.4 | V15: 165.7 | W15: 175.3 | X15: 164.5 | Y15: 170.3 | Z15: 165.5 | AA15: 161.2 | AB15: 167.3
A16: 44621 | B16: 112.87479 | C16: 150.2 | D16: 208 | E16: 167.9 | F16: 162 | G16: 203.1 | H16: 155.9 | I16: 155.8 | J16: 164.2 | K16: 118.1 | L16: 178.7 | M16: 171.2 | N16: 177.4 | O16: 166.6 | P16: 192.3 | Q16: 175.4 | R16: 173.2 | S16: 175.1 | T16: 165.3 | U16: 168.9 | V16: 166.5 | W16: 176 | X16: 167.4 | Y16: 170.6 | Z16: 166.6 | AA16: 162 | AB16: 168.3
... A30: 45047 | B30: 74.981548 | C30: 173.2 | D30: 211.5 | E30: 171 | F30: 179.6 | G30: 173.3 | H30: 169 | I30: 148.7 | J30: 174.9 | K30: 121.9 | L30: 221 | M30: 178.7 | N30: 191.1 | O30: 176.8 | P30: 199.9 | Q30: 191.2 | R30: 187.9 | S30: 190.8 | T30: 175.6 | U30: 182.5 | V30: 179.8 | W30: 187.8 | X30: 184.9 | Y30: 180.3 | Z30: 173.8 | AA30: 169.7 | AB30: 179.5
A32: Correlation of categories in relation with crude oil prices | C32: =CORREL($B$5:$B$30,C5:C30) -> 0.09517784 | D32: =CORREL($B$5:$B$30,D5:D30) -> 0.67992492 | E32: =CORREL($B$5:$B$30,E5:E30) -> -0.3234591 | F32: =CORREL($B$5:$B$30,F5:F30) -> 0.18435664 | G32: =CORREL($B$5:$B$30,G5:G30) -> 0.73976512 | H32: =CORREL($B$5:$B$30,H5:H30) -> 0.33889936 | I32: =CORREL($B$5:$B$30,I5:I30) -> 0.42619218 | J32: =CORREL($B$5:$B$30,J5:J30) -> -0.053420409 | ... AB32: =CORREL($B$5:$B$30,AB5:AB30) -> 0.33466633
A35: For "URBAN" Areas:
A37: Months | B37: Crude oil price | C37: Cereals and products | D37: Meat and fish | E37: Egg | F37: Milk and products | G37: Oils and fats | H37: Fruits | I37: Vegetables | J37: Pulses and products | K37: Sugar and Confectionery | L37: Spices | M37: Nonalcoholic beverages | N37: Prepared meals, scks, sweets etc. | O37: Food and beverages | P37: Pan, tobacco and intoxicants | Q37: Clothing | R37: Footwear | S37: Clothing and footwear | T37: Housing | U37: Fuel and light | V37: Household goods and services | W37: Health | X37: Persol care and effects | Y37: Education | Z37: Recreation and amusement | AA37: Transport and communication | AB37: Miscellaneous
A38: 44287 | B38: 63.396977 | C38: 147.6 | D38: 202.5 | E38: 166.4 | F38: 156 | G38: 161.4 | H38: 168.8 | I38: 161.6 | J38: 162.8 | K38: 114.8 | L38: 162.8 | M38: 151.5 | N38: 171.4 | O38: 162 | P38: 194.4 | Q38: 155.9 | R38: 139.3 | S38: 153.4 | T38: 161.4 | U38: 154.9 | V38: 147.6 | W38: 157.5 | X38: 156.6 | Y38: 157.6 | Z38: 149.1 | AA38: 142.1 | AB38: 150.5
A39: 44317 | B39: 66.953085 | C39: 148.8 | D39: 204.3 | E39: 173 | F39: 156.5 | G39: 168.8 | H39: 172.5 | I39: 166.5 | J39: 165.9 | K39: 115.9 | L39: 165.2 | M39: 152 | N39: 171.1 | O39: 164.2 | P39: 198.2 | Q39: 156.5 | R39: 140.2 | S39: 154.1 | T39: 161.6 | U39: 155.5 | V39: 150.1 | W39: 160.4 | X39: 157.5 | Y39: 156.6 | Z39: 152.6 | AA39: 145 | AB39: 152.3
A40: 44348 | B40: 71.982647 | C40: 149.2 | D40: 205.5 | E40: 182.8 | F40: 156.5 | G40: 172.2 | H40: 171.5 | I40: 176.2 | J40: 166.9 | K40: 116.1 | L40: 165.5 | M40: 152.3 | N40: 173.3 | O40: 166.2 | P40: 195.6 | Q40: 157.3 | R40: 140.5 | S40: 154.8 | T40: 160.5 | U40: 156.1 | V40: 149.8 | W40: 160.8 | X40: 158 | Y40: 158.1 | Z40: 150.7 | AA40: 147.5 | AB40: 153.4
A41: 44378 | B41: 73.539061 | C41: 149.1 | D41: 210.9 | E41: 185 | F41: 158.2 | G41: 170.6 | H41: 170.9 | I41: 186.4 | J41: 164.7 | K41: 115.7 | L41: 165.5 | M41: 153.4 | N41: 173.5 | O41: 167.9 | P41: 195.5 | Q41: 157.9 | R41: 141.9 | S41: 155.5 | T41: 161.5 | U41: 157.7 | V41: 150.7 | W41: 161.5 | X41: 159.6 | Y41: 160.3 | Z41: 151.2 | AA41: 149.5 | AB41: 155
A42: 44409 | B42: 69.804724 | C42: 149.3 | D42: 207.4 | E42: 174.1 | F42: 159.2 | G42: 175 | H42: 161.3 | I42: 183.3 | J42: 164.5 | K42: 120.4 | L42: 166.2 | M42: 154.8 | N42: 175.1 | O42: 167.3 | P42: 196.5 | Q42: 159.8 | R42: 143.6 | S42: 157.3 | T42: 162.1 | U42: 160.7 | V42: 153.2 | W42: 162.8 | X42: 159.6 | Y42: 160.4 | Z42: 153.7 | AA42: 150.4 | AB42: 156
A43: 44440 | B43: 73.130738 | C43: 149.3 | D43: 207.4 | E43: 174.1 | F43: 159.1 | G43: 175 | H43: 161.2 | I43: 183.5 | J43: 164.5 | K43: 120.4 | L43: 166.2 | M43: 154.8 | N43: 175.1 | O43: 167.3 | P43: 196.5 | Q43: 159.8 | R43: 143.6 | S43: 157.4 | T43: 162.1 | U43: 160.8 | V43: 153.3 | W43: 162.8 | X43: 159.6 | Y43: 160.3 | Z43: 153.9 | AA43: 150.5 | AB43: 156
A44: 44470 | B44: 82.107394 | C44: 150.1 | D44: 208.4 | E44: 173 | F44: 159.2 | G44: 176.6 | H44: 159.3 | I44: 214.4 | J44: 165.3 | K44: 122.5 | L44: 166.8 | M44: 155.4 | N44: 175.9 | O44: 171.5 | P44: 197 | Q44: 160.8 | R44: 144.4 | S44: 158.3 | T44: 163.6 | U44: 162.2 | V44: 154.3 | W44: 163.5 | X44: 160.3 | Y44: 160.3 | Z44: 155.1 | AA44: 152.2 | AB44: 157
A45: 44501 | B45: 80.637301 | C45: 151 | D45: 204.9 | E45: 175.4 | F45: 159.6 | G45: 175.8 | H45: 160.3 | I45: 229.1 | J45: 165.1 | K45: 123.1 | L45: 167.2 | M45: 156.1 | N45: 176.8 | O45: 173.5 | P45: 197 | Q45: 162.3 | R45: 145.3 | S45: 159.7 | T45: 164.2 | U45: 161.6 | V45: 155.2 | W45: 164.2 | X45: 161.8 | Y45: 160.8 | Z45: 156.7 | AA45: 151.2 | AB45: 157.3
A46: 44531 | B46: 73.298824 | C46: 151.6 | D46: 202.2 | E46: 180 | F46: 160 | G46: 173.5 | H46: 158.3 | I46: 219.5 | J46: 164.2 | K46: 121.9 | L46: 168.2 | M46: 156.5 | N46: 178.2 | O46: 172.2 | P46: 196.8 | Q46: 163.3 | R46: 146.7 | S46: 160.7 | T46: 163.4 | U46: 161.7 | V46: 156 | W46: 165.1 | X46: 162.4 | Y46: 160.6 | Z46: 157.6 | AA46: 151.8 | AB46: 157.8
A47: 44562 | B47: 84.666319 | C47: 152.2 | D47: 202.1 | E47: 180.1 | F47: 160.4 | G47: 171 | H47: 156.5 | I47: 203.6 | J47: 163.8 | K47: 121.3 | L47: 169.8 | M47: 156.6 | N47: 179 | O47: 170.3 | P47: 196.4 | Q47: 164.7 | R47: 148.5 | S47: 162.2 | T47: 164.5 | U47: 161.6 | V47: 156.8 | W47: 166.1 | X47: 162.8 | Y47: 161 | Z47: 158.4 | AA47: 152.7 | AB47: 158.6
A48: 44593 | B48: 94.067715 | C48: 152.5 | D48: 205.2 | E48: 176.4 | F48: 160.6 | G48: 171.5 | H48: 156.4 | I48: 198 | J48: 163.2 | K48: 120.6 | L48: 172.2 | M48: 156.7 | N48: 180 | O48: 170.2 | P48: 196.5 | Q48: 165.7 | R48: 150.4 | S48: 163.4 | T48: 165.5 | U48: 163 | V48: 157.4 | W48: 167.2 | X48: 164.2 | Y48: 162 | Z48: 159.5 | AA48: 153.1 | AB48: 159.4
A49: 44621 | B49: 112.87479 | C49: 153.7 | D49: 215.8 | E49: 167.7 | F49: 162.6 | G49: 180 | H49: 159.6 | I49: 188.4 | J49: 163.4 | K49: 120.3 | L49: 174.7 | M49: 157.1 | N49: 181.5 | O49: 171.5 | P49: 197.5 | Q49: 167.1 | R49: 152.6 | S49: 164.9 | T49: 165.3 | U49: 164.5 | V49: 158.6 | W49: 168.2 | X49: 166.8 | Y49: 162.7 | Z49: 160.8 | AA49: 154.2 | AB49: 160.6
... A63: 45047 | B63: 74.981548 | C63: 174.7 | D63: 219.4 | E63: 176.7 | F63: 179.4 | G63: 164.4 | H63: 175.8 | I63: 185 | J63: 176.9 | K63: 124.2 | L63: 211.9 | M63: 165.9 | N63: 197.7 | O63: 183.1 | P63: 204.2 | Q63: 181.3 | R63: 168.1 | S63: 179.3 | T63: 175.6 | U63: 183.4 | V63: 170.1 | W63: 182.2 | X63: 185.6 | Y63: 174.8 | Z63: 169.2 | AA63: 160.4 | AB63: 171.6
A65: Correlation of categories in relation with crude oil prices | C65: =CORREL($B$38:$B$63,C38:C63) -> 0.11209846 | D65: =CORREL($B$38:$B$63,D38:D63) -> 0.67897585 | E65: =CORREL($B$38:$B$63,E38:E63) -> -0.37582175 | F65: =CORREL($B$38:$B$63,F38:F63) -> 0.17895778 | G65: =CORREL($B$38:$B$63,G38:G63) -> 0.80561161 | H65: =CORREL($B$38:$B$63,H38:H63) -> 0.22582999 | I65: =CORREL($B$38:$B$63,I38:I63) -> 0.46663722 | J65: =CORREL($B$38:$B$63,J38:J63) -> -0.22967594 | ... AB65: =CORREL($B$38:$B$63,AB38:AB63) -> 0.36683886
A68: For "RURAL + URBAN" Areas:
A70: Months | B70: Crude oil price | C70: Cereals and products | D70: Meat and fish | E70: Egg | F70: Milk and products | G70: Oils and fats | H70: Fruits | I70: Vegetables | J70: Pulses and products | K70: Sugar and Confectionery | L70: Spices | M70: Nonalcoholic beverages | N70: Prepared meals, scks, sweets etc. | O70: Food and beverages | P70: Pan, tobacco and intoxicants | Q70: Clothing | R70: Footwear | S70: Clothing and footwear | T70: Housing | U70: Fuel and light | V70: Household goods and services | W70: Health | X70: Persol care and effects | Y70: Education | Z70: Recreation and amusement | AA70: Transport and communication | AB70: Miscellaneous
A71: 44287 | B71: 63.396977 | C71: 144.3 | D71: 198 | E71: 164.6 | F71: 155.4 | G71: 170.1 | H71: 164.4 | I71: 144.1 | J71: 161.7 | K71: 113.1 | L71: 163.9 | M71: 157.6 | N71: 168.9 | O71: 158 | P71: 188.8 | Q71: 158.8 | R71: 148.5 | S71: 157.3 | T71: 161.4 | U71: 155.6 | V71: 151.8 | W71: 162.3 | X71: 155.4 | Y71: 160.3 | Z71: 153.2 | AA71: 146.6 | AB71: 154.4
A72: 44317 | B72: 66.953085 | C72: 146.3 | D72: 200.5 | E72: 170.3 | F72: 156.1 | G72: 178.7 | H72: 167.1 | I72: 147.9 | J72: 165.4 | K72: 114.8 | L72: 168.2 | M72: 159.3 | N72: 170.4 | O72: 160.7 | P72: 191.9 | Q72: 161.8 | R72: 152.1 | S72: 160.4 | T72: 161.6 | U72: 159.4 | V72: 154.7 | W72: 165.8 | X72: 158.6 | Y72: 161.2 | Z72: 155.8 | AA72: 148.9 | AB72: 156.8
A73: 44348 | B73: 71.982647 | C73: 146.7 | D73: 202 | E73: 180.7 | F73: 156.2 | G73: 183.7 | H73: 164.6 | I73: 155.4 | J73: 166 | K73: 115.1 | L73: 168.5 | M73: 160 | N73: 172.4 | O73: 162.6 | P73: 190.8 | Q73: 162.2 | R73: 151.8 | S73: 160.7 | T73: 160.5 | U73: 159.8 | V73: 154.8 | W73: 166.3 | X73: 158.8 | Y73: 161.7 | Z73: 154.9 | AA73: 150.7 | AB73: 157.6
A74: 44378 | B74: 73.539061 | C74: 146.4 | D74: 206.8 | E74: 182.2 | F74: 157.5 | G74: 182.1 | H74: 163.9 | I74: 164.2 | J74: 164 | K74: 114.5 | L74: 168.3 | M74: 160.9 | N74: 172.2 | O74: 164 | P74: 191.2 | Q74: 162.8 | R74: 153.1 | S74: 161.4 | T74: 161.5 | U74: 160.7 | V74: 155.8 | W74: 167 | X74: 160.1 | Y74: 163.2 | Z74: 155.3 | AA74: 153.1 | AB74: 159
A75: 44409 | B75: 69.804724 | C75: 146.6 | D75: 204 | E75: 172.8 | F75: 158.4 | G75: 188 | H75: 156.8 | I75: 162.2 | J75: 164.1 | K75: 119.7 | L75: 168.8 | M75: 162.7 | N75: 173.9 | O75: 164 | P75: 192.1 | Q75: 164.5 | R75: 155.3 | S75: 163.2 | T75: 162.1 | U75: 162.6 | V75: 157.5 | W75: 168.4 | X75: 160 | Y75: 163.8 | Z75: 157.6 | AA75: 154 | AB75: 160
A76: 44440 | B76: 73.130738 | C76: 146.6 | D76: 204 | E76: 172.8 | F76: 158.4 | G76: 188 | H76: 156.7 | I76: 162.3 | J76: 164.1 | K76: 119.7 | L76: 168.8 | M76: 162.7 | N76: 173.9 | O76: 164 | P76: 192.1 | Q76: 164.6 | R76: 155.3 | S76: 163.3 | T76: 162.1 | U76: 162.6 | V76: 157.5 | W76: 168.4 | X76: 160 | Y76: 163.7 | Z76: 157.7 | AA76: 154 | AB76: 160
A77: 44470 | B77: 82.107394 | C77: 147.4 | D77: 204.6 | E77: 171.2 | F77: 158.7 | G77: 190.6 | H77: 155.7 | I77: 185.3 | J77: 165.2 | K77: 121.9 | L77: 169.3 | M77: 163.2 | N77: 174.7 | O77: 167.7 | P77: 192.7 | Q77: 165.7 | R77: 156.3 | S77: 164.3 | T77: 163.6 | U77: 164.2 | V77: 158.4 | W77: 169.1 | X77: 160.8 | Y77: 163.9 | Z77: 158.6 | AA77: 155.7 | AB77: 161
A78: 44501 | B78: 80.637301 | C78: 148.2 | D78: 201.6 | E78: 173 | F78: 159.3 | G78: 190.1 | H78: 156.5 | I78: 199.2 | J78: 165.3 | K78: 122.4 | L78: 169.6 | M78: 163.7 | N78: 175.5 | O78: 169.7 | P78: 192.9 | Q78: 167.2 | R78: 157.4 | S78: 165.8 | T78: 164.2 | U78: 163.9 | V78: 159.3 | W78: 169.9 | X78: 162.2 | Y78: 164.3 | Z78: 159.8 | AA78: 154.8 | AB78: 161.4
A79: 44531 | B79: 73.298824 | C79: 148.7 | D79: 198.8 | E79: 177.9 | F79: 159.9 | G79: 187.6 | H79: 154.9 | I79: 188.3 | J79: 164.4 | K79: 121 | L79: 170.5 | M79: 164.2 | N79: 176.5 | O79: 168.2 | P79: 192.4 | Q79: 168.5 | R79: 158.7 | S79: 167 | T79: 163.4 | U79: 164.1 | V79: 160.2 | W79: 170.6 | X79: 162.6 | Y79: 164.4 | Z79: 160.6 | AA79: 155.7 | AB79: 162
A80: 44562 | B80: 84.666319 | C80: 149.5 | D80: 198.7 | E80: 178.8 | F80: 160.5 | G80: 184.7 | H80: 153.7 | I80: 174.3 | J80: 163.9 | K80: 120 | L80: 172.1 | M80: 164.3 | N80: 177.3 | O80: 166.4 | P80: 192.2 | Q80: 169.9 | R80: 160.7 | S80: 168.5 | T80: 164.5 | U80: 164.2 | V80: 161.1 | W80: 171.4 | X80: 163 | Y80: 164.7 | Z80: 161.2 | AA80: 156.5 | AB80: 162.7
A81: 44593 | B81: 94.067715 | C81: 150 | D81: 200.6 | E81: 175.8 | F81: 160.7 | G81: 184.9 | H81: 153.7 | I81: 169.7 | J81: 163.7 | K81: 118.9 | L81: 174.3 | M81: 164.7 | N81: 178 | O81: 166.2 | P81: 192.8 | Q81: 170.8 | R81: 162.4 | S81: 169.6 | T81: 165.5 | U81: 165.7 | V81: 161.8 | W81: 172.2 | X81: 164.4 | Y81: 165.4 | Z81: 162.1 | AA81: 156.9 | AB81: 163.5
A82: 44621 | B82: 112.87479 | C82: 151.3 | D82: 210.7 | E82: 167.8 | F82: 162.2 | G82: 194.6 | H82: 157.6 | I82: 166.9 | J82: 163.9 | K82: 118.8 | L82: 177.4 | M82: 165.3 | N82: 179.3 | O82: 168.4 | P82: 193.7 | Q82: 172.1 | R82: 164.6 | S82: 171.1 | T82: 165.3 | U82: 167.2 | V82: 162.8 | W82: 173 | X82: 167.2 | Y82: 166 | Z82: 163.3 | AA82: 157.9 | AB82: 164.6
... A96: 45047 | B96: 74.981548 | C96: 173.7 | D96: 214.3 | E96: 173.2 | F96: 179.5 | G96: 170 | H96: 172.2 | I96: 161 | J96: 175.6 | K96: 122.7 | L96: 218 | M96: 173.4 | N96: 194.2 | O96: 179.1 | P96: 201 | Q96: 187.3 | R96: 179.7 | S96: 186.2 | T96: 175.6 | U96: 182.8 | V96: 175.2 | W96: 185.7 | X96: 185.2 | Y96: 177.1 | Z96: 171.2 | AA96: 164.8 | AB96: 175.7
A98: Correlation of categories in relation with crude oil prices | C98: =CORREL($B$71:$B$96,C71:C96) -> 0.098634814 | D98: =CORREL($B$71:$B$96,D71:D96) -> 0.67992538 | E98: =CORREL($B$71:$B$96,E71:E96) -> -0.3315438 | F98: =CORREL($B$71:$B$96,F71:F96) -> 0.18126116 | G98: =CORREL($B$71:$B$96,G71:G96) -> 0.7587992 | H98: =CORREL($B$71:$B$96,H71:H96) -> 0.29443289 | I98: =CORREL($B$71:$B$96,I71:I96) -> 0.4491395 | J98: =CORREL($B$71:$B$96,J71:J96) -> -0.12939252 | ... AB98: =CORREL($B$71:$B$96,AB71:AB96) -> 0.35047898
A101: Correlation
A102: Categories | B102: Rural | C102: Urban | D102: Rural +Urban
A103: Cereals and products | B103: 0.09517784 | C103: 0.11209846 | D103: 0.098634814
A104: Meat and fish | B104: 0.67992492 | C104: 0.67897585 | D104: 0.67992538
A105: Egg | B105: -0.3234591 | C105: -0.37582175 | D105: -0.3315438
A106: Milk and products | B106: 0.18435664 | C106: 0.17895778 | D106: 0.18126116
A107: Oils and fats | B107: 0.73976512 | C107: 0.80561161 | D107: 0.7587992
A108: Fruits | B108: 0.33889936 | C108: 0.22582999 | D108: 0.29443289
A109: Vegetables | B109: 0.42619218 | C109: 0.46663722 | D109: 0.4491395
A110: Pulses and products | B110: -0.053420409 | C110: -0.22967594 | D110: -0.12939252
A111: Sugar and Confectionery | B111: 0.3229152 | C111: 0.34463437 | D111: 0.29673945
A112: Spices | B112: 0.18137326 | C112: 0.18601057 | D112: 0.18263938
A113: Nonalcoholic beverages | B113: 0.40587296 | C113: 0.25136746 | D113: 0.34204293
A114: Prepared meals, scks, sweets etc. | B114: 0.30819824 | C114: 0.30080066 | D114: 0.30194792
... A128: Miscellaneous | B128: 0.33466633 | C128: 0.36683886 | D128: 0.35047898
A131: A strong positive correlation is observed between crude oil and (Meat and fish,Oils and fats,Transport and communication).

Sheet All_India_Index_Upto_April23 (1
A1: Sector | B1: Year | C1: Month | D1: Month number | E1: Cereals and products | F1: Meat and fish | G1: Egg | H1: Milk and products | I1: Oils and fats | J1: Fruits | K1: Vegetables | L1: Pulses and products | M1: Sugar and Confectionery | N1: Spices | O1: Nonalcoholic beverages | P1: Prepared meals, scks, sweets etc. | Q1: Food and beverages | R1: Pan, tobacco and intoxicants | S1: Clothing | T1: Footwear | U1: Clothing and footwear | V1: Housing | W1: Fuel and light | X1: Household goods and services | Y1: Health | Z1: Persol care and effects | AA1: Education | AB1: Recreation and amusement | AC1: Transport and communication | AD1: Miscellaneous | AE1: General index
A2: Rural | B2: 2013 | C2: January | D2: =IF(C2="January",1, IF(C2="february",2, IF(C2="march",3, IF(C2="april",4, IF(C2="may",5, IF(C2="june",6, IF(C2="july",7, IF(C2="august",8, IF(C2="september",9, IF(C2="october",10, IF(C2="november",11, IF(C2="december",12, )))))))))))) -> 1 | E2: 107.5 | F2: 106.3 | G2: 108.1 | H2: 104.9 | I2: 106.1 | J2: 103.9 | K2: 101.9 | L2: 106.1 | M2: 106.8 | N2: 103.1 | O2: 104.8 | P2: 106.7 | Q2: 105.5 | R2: 105.1 | S2: 106.5 | T2: 105.8 | U2: 106.4 | V2: ='Missing values'!V7 -> 100.3 | W2: 105.5 | X2: 104.8 | Y2: 104 | Z2: 104.7 | AA2: 103.8 | AB2: 103.4 | AC2: 103.3 | AD2: 104 | AE2: 105.1
A3: Rural+Urban | B3: 2013 | C3: January | D3: =IF(C3="January",1, IF(C3="february",2, IF(C3="march",3, IF(C3="april",4, IF(C3="may",5, IF(C3="june",6, IF(C3="july",7, IF(C3="august",8, IF(C3="september",9, IF(C3="october",10, IF(C3="november",11, IF(C3="december",12, )))))))))))) -> 1 | E3: 108.4 | F3: 107.3 | G3: 110 | H3: 104.4 | I3: 105.1 | J3: 103.2 | K3: 102.2 | L3: 106 | M3: 106.2 | N3: 102.7 | O3: 104.9 | P3: 107.3 | Q3: 105.6 | R3: 105.1 | S3: 106.3 | T3: 105.5 | U3: 106.2 | V3: 100.3 | W3: 105.5 | X3: 104.8 | Y3: 104 | Z3: 104.5 | AA3: 103.6 | AB3: 103.1 | AC3: 103.2 | AD3: 103.9 | AE3: 104.6
A4: Urban | B4: 2013 | C4: January | D4: =IF(C4="January",1, IF(C4="february",2, IF(C4="march",3, IF(C4="april",4, IF(C4="may",5, IF(C4="june",6, IF(C4="july",7, IF(C4="august",8, IF(C4="september",9, IF(C4="october",10, IF(C4="november",11, IF(C4="december",12, )))))))))))) -> 1 | E4: 110.5 | F4: 109.1 | G4: 113 | H4: 103.6 | I4: 103.4 | J4: 102.3 | K4: 102.9 | L4: 105.8 | M4: 105.1 | N4: 101.8 | O4: 105.1 | P4: 107.9 | Q4: 105.9 | R4: 105.2 | S4: 105.9 | T4: 105 | U4: 105.8 | V4: 100.3 | W4: 105.4 | X4: 104.8 | Y4: 104.1 | Z4: 104.3 | AA4: 103.5 | AB4: 102.9 | AC4: 103.2 | AD4: 103.7 | AE4: 104
A5: Rural | B5: 2013 | C5: February | D5: =IF(C5="January",1, IF(C5="february",2, IF(C5="march",3, IF(C5="april",4, IF(C5="may",5, IF(C5="june",6, IF(C5="july",7, IF(C5="august",8, IF(C5="september",9, IF(C5="october",10, IF(C5="november",11, IF(C5="december",12, )))))))))))) -> 2 | E5: 109.2 | F5: 108.7 | G5: 110.2 | H5: 105.4 | I5: 106.7 | J5: 104 | K5: 102.4 | L5: 105.9 | M5: 105.7 | N5: 103.1 | O5: 105.1 | P5: 107.7 | Q5: 106.3 | R5: 105.6 | S5: 107.1 | T5: 106.3 | U5: 107 | V5: ='Missing values'!V40 -> 100.4 | W5: 106.2 | X5: 105.2 | Y5: 104.4 | Z5: 104.6 | AA5: 104.1 | AB5: 104 | AC5: 103.9 | AD5: 104.4 | AE5: 105.8
A6: Rural+Urban | B6: 2013 | C6: February | D6: =IF(C6="January",1, IF(C6="february",2, IF(C6="march",3, IF(C6="april",4, IF(C6="may",5, IF(C6="june",6, IF(C6="july",7, IF(C6="august",8, IF(C6="september",9, IF(C6="october",10, IF(C6="november",11, IF(C6="december",12, )))))))))))) -> 2 | E6: 110.4 | F6: 110.2 | G6: 112.8 | H6: 104.9 | I6: 105.5 | J6: 103.6 | K6: 103.2 | L6: 105.3 | M6: 105.1 | N6: 102.8 | O6: 105.5 | P6: 108.3 | Q6: 106.6 | R6: 105.7 | S6: 106.9 | T6: 106 | U6: 106.8 | V6: 100.4 | W6: 106 | X6: 105.2 | Y6: 104.5 | Z6: 104.5 | AA6: 103.9 | AB6: 103.6 | AC6: 104.2 | AD6: 104.4 | AE6: 105.3
A7: Urban | B7: 2013 | C7: February | D7: =IF(C7="January",1, IF(C7="february",2, IF(C7="march",3, IF(C7="april",4, IF(C7="may",5, IF(C7="june",6, IF(C7="july",7, IF(C7="august",8, IF(C7="september",9, IF(C7="october",10, IF(C7="november",11, IF(C7="december",12, )))))))))))) -> 2 | E7: 112.9 | F7: 112.9 | G7: 116.9 | H7: 104 | I7: 103.5 | J7: 103.1 | K7: 104.9 | L7: 104.1 | M7: 103.8 | N7: 102.3 | O7: 106 | P7: 109 | Q7: 107.2 | R7: 106 | S7: 106.6 | T7: 105.5 | U7: 106.4 | V7: 100.4 | W7: 105.7 | X7: 105.2 | Y7: 104.7 | Z7: 104.3 | AA7: 103.7 | AB7: 103.3 | AC7: 104.4 | AD7: 104.3 | AE7: 104.7
A8: Rural | B8: 2013 | C8: March | D8: =IF(C8="January",1, IF(C8="february",2, IF(C8="march",3, IF(C8="april",4, IF(C8="may",5, IF(C8="june",6, IF(C8="july",7, IF(C8="august",8, IF(C8="september",9, IF(C8="october",10, IF(C8="november",11, IF(C8="december",12, )))))))))))) -> 3 | E8: 110.2 | F8: 108.8 | G8: 109.9 | H8: 105.6 | I8: 106.2 | J8: 105.7 | K8: 101.4 | L8: 105.7 | M8: 105 | N8: 103.3 | O8: 105.6 | P8: 108.2 | Q8: 106.6 | R8: 106.5 | S8: 107.6 | T8: 106.8 | U8: 107.5 | V8: ='Missing values'!V73 -> 100.4 | W8: 106.1 | X8: 105.6 | Y8: 104.7 | Z8: 104.3 | AA8: 104.3 | AB8: 104 | AC8: 104.6 | AD8: 104.6 | AE8: 106
A9: Rural+Urban | B9: 2013 | C9: March | D9: =IF(C9="January",1, IF(C9="february",2, IF(C9="march",3, IF(C9="april",4, IF(C9="may",5, IF(C9="june",6, IF(C9="july",7, IF(C9="august",8, IF(C9="september",9, IF(C9="october",10, IF(C9="november",11, IF(C9="december",12, )))))))))))) -> 3 | E9: 111.4 | F9: 109.7 | G9: 111.2 | H9: 105.1 | I9: 104.9 | J9: 105.3 | K9: 102.2 | L9: 105 | M9: 104.2 | N9: 103 | O9: 106.2 | P9: 108.9 | Q9: 106.9 | R9: 106.6 | S9: 107.4 | T9: 106.5 | U9: 107.3 | V9: 100.4 | W9: 106.1 | X9: 105.6 | Y9: 104.9 | Z9: 104.3 | AA9: 104 | AB9: 103.7 | AC9: 105.1 | AD9: 104.7 | AE9: 105.5
A10: Urban | B10: 2013 | C10: March | D10: =IF(C10="January",1, IF(C10="february",2, IF(C10="march",3, IF(C10="april",4, IF(C10="may",5, IF(C10="june",6, IF(C10="july",7, IF(C10="august",8, IF(C10="september",9, IF(C10="october",10, IF(C10="november",11, IF(C10="december",12, )))))))))))) -> 3 | E10: 113.9 | F10: 111.4 | G10: 113.2 | H10: 104.3 | I10: 102.7 | J10: 104.9 | K10: 103.8 | L10: 103.5 | M10: 102.6 | N10: 102.4 | O10: 107 | P10: 109.8 | Q10: 107.3 | R10: 106.8 | S10: 107.2 | T10: 106 | U10: 107 | V10: 100.4 | W10: 106 | X10: 105.7 | Y10: 105.2 | Z10: 104.2 | AA10: 103.8 | AB10: 103.5 | AC10: 105.5 | AD10: 104.9 | AE10: 105
A11: Rural | B11: 2013 | C11: April | D11: =IF(C11="January",1, IF(C11="february",2, IF(C11="march",3, IF(C11="april",4, IF(C11="may",5, IF(C11="june",6, IF(C11="july",7, IF(C11="august",8, IF(C11="september",9, IF(C11="october",10, IF(C11="november",11, IF(C11="december",12, )))))))))))) -> 4 | E11: 110.2 | F11: 109.5 | G11: 106.9 | H11: 106.3 | I11: 105.7 | J11: 108.3 | K11: 103.4 | L11: 105.7 | M11: 104.2 | N11: 103.2 | O11: 106.5 | P11: 108.8 | Q11: 107.1 | R11: 107.1 | S11: 108.1 | T11: 107.4 | U11: 108 | V11: ='Missing values'!V106 -> 100.5 | W11: 106.5 | X11: 106.1 | Y11: 105.1 | Z11: 102.7 | AA11: 104.8 | AB11: 104.5 | AC11: 104.4 | AD11: 104.6 | AE11: 106.4
A12: Rural+Urban | B12: 2013 | C12: April | D12: =IF(C12="January",1, IF(C12="february",2, IF(C12="march",3, IF(C12="april",4, IF(C12="may",5, IF(C12="june",6, IF(C12="july",7, IF(C12="august",8, IF(C12="september",9, IF(C12="october",10, IF(C12="november",11, IF(C12="december",12, )))))))))))) -> 4 | E12: 111.6 | F12: 110.9 | G12: 106.6 | H12: 105.7 | I12: 104.4 | J12: 108.9 | K12: 105.5 | L12: 105.3 | M12: 103.5 | N12: 103.3 | O12: 107.2 | P12: 109.6 | Q12: 107.7 | R12: 107.5 | S12: 108 | T12: 107 | U12: 107.9 | V12: 100.5 | W12: 106.5 | X12: 106.3 | Y12: 105.3 | Z12: 102.9 | AA12: 105 | AB12: 104.2 | AC12: 104.7 | AD12: 104.8 | AE12: 106.1
A13: Urban | B13: 2013 | C13: April | D13: =IF(C13="January",1, IF(C13="february",2, IF(C13="march",3, IF(C13="april",4, IF(C13="may",5, IF(C13="june",6, IF(C13="july",7, IF(C13="august",8, IF(C13="september",9, IF(C13="october",10, IF(C13="november",11, IF(C13="december",12, )))))))))))) -> 4 | E13: 114.6 | F13: 113.4 | G13: 106 | H13: 104.7 | I13: 102.1 | J13: 109.5 | K13: 109.7 | L13: 104.6 | M13: 102 | N13: 103.5 | O13: 108.2 | P13: 110.6 | Q13: 108.8 | R13: 108.5 | S13: 107.9 | T13: 106.4 | U13: 107.7 | V13: 100.5 | W13: 106.4 | X13: 106.5 | Y13: 105.7 | Z13: 103.2 | AA13: 105.2 | AB13: 104 | AC13: 105 | AD13: 105.1 | AE13: 105.7
A14: Rural | B14: 2013 | C14: May | D14: =IF(C14="January",1, IF(C14="february",2, IF(C14="march",3, IF(C14="april",4, IF(C14="may",5, IF(C14="june",6, IF(C14="july",7, IF(C14="august",8, IF(C14="september",9, IF(C14="october",10, IF(C14="november",11, IF(C14="december",12, )))))))))))) -> 5 | E14: 110.9 | F14: 109.8 | G14: 105.9 | H14: 107.5 | I14: 105.3 | J14: 108.1 | K14: 107.3 | L14: 106.1 | M14: 103.7 | N14: 104 | O14: 107.4 | P14: 109.9 | Q14: 108.1 | R14: 108.1 | S14: 108.8 | T14: 107.9 | U14: 108.6 | V14: ='Missing values'!V136 -> 100.5 | W14: 107.5 | X14: 106.8 | Y14: 105.7 | Z14: 102.1 | AA14: 105.5 | AB14: 105 | AC14: 104.1 | AD14: 104.8 | AE14: 107.2
A15: Rural+Urban | B15: 2013 | C15: May | D15: =IF(C15="January",1, IF(C15="february",2, IF(C15="march",3, IF(C15="april",4, IF(C15="may",5, IF(C15="june",6, IF(C15="july",7, IF(C15="august",8, IF(C15="september",9, IF(C15="october",10, IF(C15="november",11, IF(C15="december",12, )))))))))))) -> 5 | E15: 112.3 | F15: 111.3 | G15: 104.7 | H15: 106.8 | I15: 103.9 | J15: 109.3 | K15: 112.9 | L15: 105.8 | M15: 103.1 | N15: 104.3 | O15: 108.1 | P15: 110.5 | Q15: 109.2 | R15: 108.6 | S15: 108.7 | T15: 107.4 | U15: 108.5 | V15: 100.5 | W15: 107.4 | X15: 106.9 | Y15: 105.9 | Z15: 102.3 | AA15: 105.6 | AB15: 104.8 | AC15: 104 | AD15: 104.8 | AE15: 106.9
A16: Urban | B16: 2013 | C16: May | D16: =IF(C16="January",1, IF(C16="february",2, IF(C16="march",3, IF(C16="april",4, IF(C16="may",5, IF(C16="june",6, IF(C16="july",7, IF(C16="august",8, IF(C16="september",9, IF(C16="october",10, IF(C16="november",11, IF(C16="december",12, )))))))))))) -> 5 | E16: 115.4 | F16: 114.2 | G16: 102.7 | H16: 105.5 | I16: 101.5 | J16: 110.6 | K16: 123.7 | L16: 105.2 | M16: 101.9 | N16: 105 | O16: 109.1 | P16: 111.3 | Q16: 111.1 | R16: 109.8 | S16: 108.5 | T16: 106.7 | U16: 108.3 | V16: 100.5 | W16: 107.2 | X16: 107.1 | Y16: 106.2 | Z16: 102.6 | AA16: 105.7 | AB16: 104.6 | AC16: 103.9 | AD16: 104.9 | AE16: 106.6
A17: Rural | B17: 2013 | C17: June | D17: =IF(C17="January",1, IF(C17="february",2, IF(C17="march",3, IF(C17="april",4, IF(C17="may",5, IF(C17="june",6, IF(C17="july",7, IF(C17="august",8, IF(C17="september",9, IF(C17="october",10, IF(C17="november",11, IF(C17="december",12, )))))))))))) -> 6 | E17: 112.3 | F17: 112.1 | G17: 108.1 | H17: 108.3 | I17: 105.9 | J17: 109.2 | K17: 118 | L17: 106.8 | M17: 104.1 | N17: 105.4 | O17: 108.2 | P17: 111 | Q17: 110.6 | R17: 109 | S17: 109.7 | T17: 108.8 | U17: 109.5 | V17: ='Missing values'!V169 -> 106.6 | W17: 108.5 | X17: 107.5 | Y17: 106.3 | Z17: 102.5 | AA17: 106.5 | AB17: 105.6 | AC17: 105 | AD17: 105.5 | AE17: 108.9
A18: Rural+Urban | B18: 2013 | C18: June | D18: =IF(C18="January",1, IF(C18="february",2, IF(C18="march",3, IF(C18="april",4, IF(C18="may",5, IF(C18="june",6, IF(C18="july",7, IF(C18="august",8, IF(C18="september",9, IF(C18="october",10, IF(C18="november",11, IF(C18="december",12, )))))))))))) -> 6 | E18: 113.8 | F18: 114.9 | G18: 109.8 | H18: 107.9 | I18: 104.2 | J18: 110.7 | K18: 126.7 | L18: 106.3 | M18: 103.2 | N18: 105.7 | O18: 109 | P18: 111.6 | Q18: 112.2 | R18: 109.5 | S18: 109.5 | T18: 108.1 | U18: 109.3 | V18: 106.6 | W18: 108.3 | X18: 107.6 | Y18: 106.4 | Z18: 102.8 | AA18: 107.4 | AB18: 105.4 | AC18: 105.1 | AD18: 105.8 | AE18: 109.3
A19: Urban | B19: 2013 | C19: June | D19: =IF(C19="January",1, IF(C19="february",2, IF(C19="march",3, IF(C19="april",4, IF(C19="may",5, IF(C19="june",6, IF(C19="july",7, IF(C19="august",8, IF(C19="september",9, IF(C19="october",10, IF(C19="november",11, IF(C19="december",12, )))))))))))) -> 6 | E19: 117 | F19: 120.1 | G19: 112.5 | H19: 107.3 | I19: 101.3 | J19: 112.4 | K19: 143.6 | L19: 105.4 | M19: 101.4 | N19: 106.4 | O19: 110 | P19: 112.2 | Q19: 115 | R19: 110.9 | S19: 109.2 | T19: 107.2 | U19: 108.9 | V19: 106.6 | W19: 108 | X19: 107.7 | Y19: 106.5 | Z19: 103.3 | AA19: 108.1 | AB19: 105.2 | AC19: 105.2 | AD19: 106.1 | AE19: 109.7
A20: Rural | B20: 2013 | C20: July | D20: =IF(C20="January",1, IF(C20="february",2, IF(C20="march",3, IF(C20="april",4, IF(C20="may",5, IF(C20="june",6, IF(C20="july",7, IF(C20="august",8, IF(C20="september",9, IF(C20="october",10, IF(C20="november",11, IF(C20="december",12, )))))))))))) -> 7 | E20: 113.4 | F20: 114.9 | G20: 110.5 | H20: 109.3 | I20: 106.2 | J20: 110.3 | K20: 129.2 | L20: 107.1 | M20: 104.3 | N20: 106.4 | O20: 109.1 | P20: 112.1 | Q20: 113.1 | R20: 109.8 | S20: 110.5 | T20: 109.5 | U20: 110.3 | V20: ='Missing values'!V199 -> 107.7 | W20: 109.5 | X20: 108.3 | Y20: 106.9 | Z20: 102.5 | AA20: 107.8 | AB20: 106.4 | AC20: 106.8 | AD20: 106.5 | AE20: 110.7
A21: Rural+Urban | B21: 2013 | C21: July | D21: =IF(C21="January",1, IF(C21="february",2, IF(C21="march",3, IF(C21="april",4, IF(C21="may",5, IF(C21="june",6, IF(C21="july",7, IF(C21="august",8, IF(C21="september",9, IF(C21="october",10, IF(C21="november",11, IF(C21="december",12, )))))))))))) -> 7 | E21: 114.8 | F21: 116.4 | G21: 111.9 | H21: 108.9 | I21: 104.3 | J21: 111.7 | K21: 140 | L21: 106.4 | M21: 103.3 | N21: 106.8 | O21: 109.6 | P21: 112.6 | Q21: 114.7 | R21: 110.3 | S21: 110.2 | T21: 108.8 | U21: 110 | V21: 107.7 | W21: 109.2 | X21: 108.2 | Y21: 107 | Z21: 102.8 | AA21: 109.1 | AB21: 106.1 | AC21: 107.1 | AD21: 106.9 | AE21: 111
A22: Urban | B22: 2013 | C22: July | D22: =IF(C22="January",1, IF(C22="february",2, IF(C22="march",3, IF(C22="april",4, IF(C22="may",5, IF(C22="june",6, IF(C22="july",7, IF(C22="august",8, IF(C22="september",9, IF(C22="october",10, IF(C22="november",11, IF(C22="december",12, )))))))))))) -> 7 | E22: 117.8 | F22: 119.2 | G22: 114 | H22: 108.3 | I22: 101.1 | J22: 113.2 | K22: 160.9 | L22: 105.1 | M22: 101.3 | N22: 107.5 | O22: 110.4 | P22: 113.1 | Q22: 117.5 | R22: 111.7 | S22: 109.8 | T22: 107.8 | U22: 109.5 | V22: 107.7 | W22: 108.6 | X22: 108.1 | Y22: 107.1 | Z22: 103.2 | AA22: 110.1 | AB22: 105.9 | AC22: 107.3 | AD22: 107.3 | AE22: 111.4
A23: Rural | B23: 2013 | C23: August | D23: =IF(C23="January",1, IF(C23="february",2, IF(C23="march",3, IF(C23="april",4, IF(C23="may",5, IF(C23="june",6, IF(C23="july",7, IF(C23="august",8, IF(C23="september",9, IF(C23="october",10, IF(C23="november",11, IF(C23="december",12, )))))))))))) -> 8 | E23: 114.3 | F23: 115.4 | G23: 111.1 | H23: 110 | I23: 106.4 | J23: 110.8 | K23: 138.9 | L23: 107.4 | M23: 104.1 | N23: 106.9 | O23: 109.7 | P23: 112.6 | Q23: 114.9 | R23: 110.7 | S23: 111.3 | T23: 110.2 | U23: 111.1 | V23: ='Missing values'!V229 -> 108.9 | W23: 109.9 | X23: 108.7 | Y23: 107.5 | Z23: 105 | AA23: 108.7 | AB23: 106.8 | AC23: 107.8 | AD23: 107.5 | AE23: 112.1
A24: Rural+Urban | B24: 2013 | C24: August | D24: =IF(C24="January",1, IF(C24="february",2, IF(C24="march",3, IF(C24="april",4, IF(C24="may",5, IF(C24="june",6, IF(C24="july",7, IF(C24="august",8, IF(C24="september",9, IF(C24="october",10, IF(C24="november",11, IF(C24="december",12, )))))))))))) -> 8 | E24: 115.6 | F24: 117.2 | G24: 111.7 | H24: 109.6 | I24: 104.5 | J24: 109.8 | K24: 151.8 | L24: 106.5 | M24: 103.1 | N24: 107.4 | O24: 110.2 | P24: 113.4 | Q24: 116.6 | R24: 111.2 | S24: 111 | T24: 109.4 | U24: 110.7 | V24: 108.9 | W24: 109.7 | X24: 108.7 | Y24: 107.5 | Z24: 105.4 | AA24: 109.9 | AB24: 106.6 | AC24: 108 | AD24: 107.9 | AE24: 112.4
A25: Urban | B25: 2013 | C25: August | D25: =IF(C25="January",1, IF(C25="february",2, IF(C25="march",3, IF(C25="april",4, IF(C25="may",5, IF(C25="june",6, IF(C25="july",7, IF(C25="august",8, IF(C25="september",9, IF(C25="october",10, IF(C25="november",11, IF(C25="december",12, )))))))))))) -> 8 | E25: 118.3 | F25: 120.4 | G25: 112.7 | H25: 108.9 | I25: 101.1 | J25: 108.7 | K25: 177 | L25: 104.7 | M25: 101 | N25: 108.5 | O25: 110.9 | P25: 114.3 | Q25: 119.6 | R25: 112.4 | S25: 110.6 | T25: 108.3 | U25: 110.2 | V25: 108.9 | W25: 109.3 | X25: 108.7 | Y25: 107.6 | Z25: 106 | AA25: 110.8 | AB25: 106.5 | AC25: 108.1 | AD25: 108.3 | AE25: 112.7
A26: Rural | B26: 2013 | C26: September | D26: =IF(C26="January",1, IF(C26="february",2, IF(C26="march",3, IF(C26="april",4, IF(C26="may",5, IF(C26="june",6, IF(C26="july",7, IF(C26="august",8, IF(C26="september",9, IF(C26="october",10, IF(C26="november",11, IF(C26="december",12, )))))))))))) -> 9 | E26: 115.4 | F26: 115.7 | G26: 111.7 | H26: 111 | I26: 107.4 | J26: 110.9 | K26: 154 | L26: 108.1 | M26: 104.2 | N26: 107.9 | O26: 110.4 | P26: 114 | Q26: 117.8 | R26: 111.7 | S26: 112.7 | T26: 111.4 | U26: 112.5 | V26: ='Missing values'!V259 -> 109.7 | W26: 111.1 | X26: 109.6 | Y26: 108.3 | Z26: 106.7 | AA26: 109.8 | AB26: 107.7 | AC26: 109.3 | AD26: 108.7 | AE26: 114.2
A27: Rural+Urban | B27: 2013 | C27: September | D27: =IF(C27="January",1, IF(C27="february",2, IF(C27="march",3, IF(C27="april",4, IF(C27="may",5, IF(C27="june",6, IF(C27="july",7, IF(C27="august",8, IF(C27="september",9, IF(C27="october",10, IF(C27="november",11, IF(C27="december",12, )))))))))))) -> 9 | E27: 116.4 | F27: 116.9 | G27: 112.3 | H27: 110.5 | I27: 105.3 | J27: 107.3 | K27: 160.9 | L27: 107.1 | M27: 103.1 | N27: 108.3 | O27: 110.7 | P27: 114.6 | Q27: 118.3 | R27: 112 | S27: 112.2 | T27: 110.4 | U27: 111.9 | V27: 109.7 | W27: 110.5 | X27: 109.6 | Y27: 108.1 | Z27: 106.8 | AA27: 110.6 | AB27: 107.5 | AC27: 109.9 | AD27: 109 | AE27: 113.7
A28: Urban | B28: 2013 | C28: September | D28: =IF(C28="January",1, IF(C28="february",2, IF(C28="march",3, IF(C28="april",4, IF(C28="may",5, IF(C28="june",6, IF(C28="july",7, IF(C28="august",8, IF(C28="september",9, IF(C28="october",10, IF(C28="november",11, IF(C28="december",12, )))))))))))) -> 9 | E28: 118.6 | F28: 119.1 | G28: 113.2 | H28: 109.6 | I28: 101.7 | J28: 103.2 | K28: 174.3 | L28: 105.1 | M28: 100.8 | N28: 109.1 | O28: 111.1 | P28: 115.4 | Q28: 119.2 | R28: 112.9 | S28: 111.4 | T28: 109 | U28: 111.1 | V28: 109.7 | W28: 109.5 | X28: 109.6 | Y28: 107.9 | Z28: 106.9 | AA28: 111.2 | AB28: 107.4 | AC28: 110.4 | AD28: 109.4 | AE28: 113.2
A29: Rural | B29: 2013 | C29: October | D29: =IF(C29="January",1, IF(C29="february",2, IF(C29="march",3, IF(C29="april",4, IF(C29="may",5, IF(C29="june",6, IF(C29="july",7, IF(C29="august",8, IF(C29="september",9, IF(C29="october",10, IF(C29="november",11, IF(C29="december",12, )))))))))))) -> 10 | E29: 116.3 | F29: 115.4 | G29: 112.6 | H29: 111.7 | I29: 107.7 | J29: 113.2 | K29: 164.9 | L29: 108.3 | M29: 103.9 | N29: 108.2 | O29: 111.1 | P29: 114.9 | Q29: 119.8 | R29: 112.2 | S29: 113.6 | T29: 112.3 | U29: 113.4 | V29: ='Missing values'!V289 -> 110.5 | W29: 111.6 | X29: 110.4 | Y29: 108.9 | Z29: 107.5 | AA29: 110.2 | AB29: 108.3 | AC29: 109.3 | AD29: 109.1 | AE29: 115.5
A30: Rural+Urban | B30: 2013 | C30: October | D30: =IF(C30="January",1, IF(C30="february",2, IF(C30="march",3, IF(C30="april",4, IF(C30="may",5, IF(C30="june",6, IF(C30="july",7, IF(C30="august",8, IF(C30="september",9, IF(C30="october",10, IF(C30="november",11, IF(C30="december",12, )))))))))))) -> 10 | E30: 117.1 | F30: 116.3 | G30: 113.3 | H30: 111.2 | I30: 105.7 | J30: 109.9 | K30: 171.2 | L30: 107.3 | M30: 102.7 | N30: 108.7 | O30: 111.2 | P30: 115.4 | Q30: 120.2 | R30: 112.5 | S30: 113.2 | T30: 111.2 | U30: 112.8 | V30: 110.5 | W30: 110.9 | X30: 110.3 | Y30: 108.6 | Z30: 107.4 | AA30: 110.8 | AB30: 108.1 | AC30: 109.5 | AD30: 109.2 | AE30: 114.8
A31: Urban | B31: 2013 | C31: October | D31: =IF(C31="January",1, IF(C31="february",2, IF(C31="march",3, IF(C31="april",4, IF(C31="may",5, IF(C31="june",6, IF(C31="july",7, IF(C31="august",8, IF(C31="september",9, IF(C31="october",10, IF(C31="november",11, IF(C31="december",12, )))))))))))) -> 10 | E31: 118.9 | F31: 118.1 | G31: 114.5 | H31: 110.4 | I31: 102.3 | J31: 106.2 | K31: 183.5 | L31: 105.3 | M31: 100.2 | N31: 109.6 | O31: 111.4 | P31: 116 | Q31: 120.8 | R31: 113.5 | S31: 112.5 | T31: 109.7 | U31: 112 | V31: 110.5 | W31: 109.7 | X31: 110.2 | Y31: 108.2 | Z31: 107.3 | AA31: 111.3 | AB31: 108 | AC31: 109.7 | AD31: 109.4 | AE31: 114
A32: Rural | B32: 2013 | C32: November | D32: 11 | E32: 117.3 | F32: 114.9 | G32: 116.2 | H32: 112.8 | I32: 108.9 | J32: 116.6 | K32: 178.1 | L32: 109.1 | M32: 103.6 | N32: 109 | O32: 111.8 | P32: 116 | Q32: 122.5 | R32: 112.8 | S32: 114.6 | T32: 113.1 | U32: 114.4 | V32: ='Missing values'!V319 -> 111.1 | W32: 112.6 | X32: 111.3 | Y32: 109.7 | Z32: 108.2 | AA32: 111 | AB32: 108.7 | AC32: 109.6 | AD32: 109.8 | AE32: 117.4
A33: Rural+Urban | B33: 2013 | C33: November | D33: =IF(C33="January",1, IF(C33="february",2, IF(C33="march",3, IF(C33="april",4, IF(C33="may",5, IF(C33="june",6, IF(C33="july",7, IF(C33="august",8, IF(C33="september",9, IF(C33="october",10, IF(C33="november",11, IF(C33="december",12, )))))))))))) -> 11 | E33: 118.1 | F33: 115.4 | G33: 118.7 | H33: 112.5 | I33: 106.8 | J33: 113.5 | K33: 183.1 | L33: 108.2 | M33: 102.2 | N33: 109.4 | O33: 111.8 | P33: 116.5 | Q33: 122.6 | R33: 113.1 | S33: 114.2 | T33: 111.9 | U33: 113.8 | V33: 111.1 | W33: 111.6 | X33: 111.1 | Y33: 109.3 | Z33: 108.1 | AA33: 111.2 | AB33: 108.6 | AC33: 109.5 | AD33: 109.7 | AE33: 116.3
A34: Urban | B34: 2013 | C34: November | D34: =IF(C34="January",1, IF(C34="february",2, IF(C34="march",3, IF(C34="april",4, IF(C34="may",5, IF(C34="june",6, IF(C34="july",7, IF(C34="august",8, IF(C34="september",9, IF(C34="october",10, IF(C34="november",11, IF(C34="december",12, )))))))))))) -> 11 | E34: 119.8 | F34: 116.3 | G34: 122.6 | H34: 112 | I34: 103.2 | J34: 110 | K34: 192.8 | L34: 106.3 | M34: 99.5 | N34: 110.3 | O34: 111.8 | P34: 117.1 | Q34: 122.9 | R34: 114.1 | S34: 113.5 | T34: 110.3 | U34: 113 | V34: 111.1 | W34: 110 | X34: 110.9 | Y34: 108.6 | Z34: 107.9 | AA34: 111.3 | AB34: 108.5 | AC34: 109.5 | AD34: 109.6 | AE34: 115
A35: Rural | B35: 2013 | C35: December | D35: =IF(C35="January",1, IF(C35="february",2, IF(C35="march",3, IF(C35="april",4, IF(C35="may",5, IF(C35="june",6, IF(C35="july",7, IF(C35="august",8, IF(C35="september",9, IF(C35="october",10, IF(C35="november",11, IF(C35="december",12, )))))))))))) -> 12 | E35: 118.4 | F35: 115.9 | G35: 120.4 | H35: 113.8 | I35: 109.5 | J35: 115.5 | K35: 145.7 | L35: 109.5 | M35: 102.9 | N35: 109.8 | O35: 112.1 | P35: 116.8 | Q35: 118.7 | R35: 113.6 | S35: 115.8 | T35: 114 | U35: 115.5 | V35: ='Missing values'!V349 -> 110.7 | W35: 112.8 | X35: 112.1 | Y35: 110.1 | Z35: 108.1 | AA35: 111.6 | AB35: 109.2 | AC35: 109.9 | AD35: 110.1 | AE35: 115.5
A36: Rural+Urban | B36: 2013 | C36: December | D36: =IF(C36="January",1, IF(C36="february",2, IF(C36="march",3, IF(C36="april",4, IF(C36="may",5, IF(C36="june",6, IF(C36="july",7, IF(C36="august",8, IF(C36="september",9, IF(C36="october",10, IF(C36="november",11, IF(C36="december",12, )))))))))))) -> 12 | E36: 119.1 | F36: 116.7 | G36: 123.5 | H36: 113.4 | I36: 107.3 | J36: 113.3 | K36: 145.4 | L36: 108.7 | M36: 101.5 | N36: 110.5 | O36: 112.1 | P36: 117.4 | Q36: 118.4 | R36: 114 | S36: 115.2 | T36: 112.7 | U36: 114.8 | V36: 110.7 | W36: 111.9 | X36: 111.7 | Y36: 109.7 | Z36: 107.9 | AA36: 111.5 | AB36: 109 | AC36: 109.8 | AD36: 110 | AE36: 114.5
A37: Urban | B37: 2013 | C37: December | D37: =IF(C37="January",1, IF(C37="february",2, IF(C37="march",3, IF(C37="april",4, IF(C37="may",5, IF(C37="june",6, IF(C37="july",7, IF(C37="august",8, IF(C37="september",9, IF(C37="october",10, IF(C37="november",11, IF(C37="december",12, )))))))))))) -> 12 | E37: 120.5 | F37: 118.1 | G37: 128.5 | H37: 112.8 | I37: 103.4 | J37: 110.7 | K37: 144.8 | L37: 107.1 | M37: 98.6 | N37: 111.9 | O37: 112.1 | P37: 118.1 | Q37: 117.8 | R37: 115 | S37: 114.2 | T37: 110.9 | U37: 113.7 | V37: 110.7 | W37: 110.4 | X37: 111.3 | Y37: 109 | Z37: 107.7 | AA37: 111.4 | AB37: 108.9 | AC37: 109.7 | AD37: 109.8 | AE37: 113.3
A38: Rural | B38: 2014 | C38: January | D38: =IF(C38="January",1, IF(C38="february",2, IF(C38="march",3, IF(C38="april",4, IF(C38="may",5, IF(C38="june",6, IF(C38="july",7, IF(C38="august",8, IF(C38="september",9, IF(C38="october",10, IF(C38="november",11, IF(C38="december",12, )))))))))))) -> 1 | E38: 118.9 | F38: 117.1 | G38: 120.5 | H38: 114.4 | I38: 109 | J38: 115.5 | K38: 123.9 | L38: 109.6 | M38: 101.8 | N38: 110.2 | O38: 112.4 | P38: 117.3 | Q38: 116 | R38: 114 | S38: 116.5 | T38: 114.5 | U38: 116.2 | V38: ='Missing values'!V10 -> 111.6 | W38: 113 | X38: 112.6 | Y38: 110.6 | Z38: 108.3 | AA38: 111.8 | AB38: 109.6 | AC38: 110.5 | AD38: 110.6 | AE38: 114.2
A39: Rural+Urban | B39: 2014 | C39: January | D39: =IF(C39="January",1, IF(C39="february",2, IF(C39="march",3, IF(C39="april",4, IF(C39="may",5, IF(C39="june",6, IF(C39="july",7, IF(C39="august",8, IF(C39="september",9, IF(C39="october",10, IF(C39="november",11, IF(C39="december",12, )))))))))))) -> 1 | E39: 119.6 | F39: 118.8 | G39: 124.1 | H39: 114.1 | I39: 106.8 | J39: 113.9 | K39: 122.2 | L39: 108.9 | M39: 100.2 | N39: 111 | O39: 112.3 | P39: 118.1 | Q39: 115.8 | R39: 114.5 | S39: 115.8 | T39: 113.2 | U39: 115.4 | V39: 111.6 | W39: 112.2 | X39: 112.3 | Y39: 110.3 | Z39: 108.2 | AA39: 111.6 | AB39: 109.7 | AC39: 110.7 | AD39: 110.6 | AE39: 113.6
A40: Urban | B40: 2014 | C40: January | D40: =IF(C40="January",1, IF(C40="february",2, IF(C40="march",3, IF(C40="april",4, IF(C40="may",5, IF(C40="june",6, IF(C40="july",7, IF(C40="august",8, IF(C40="september",9, IF(C40="october",10, IF(C40="november",11, IF(C40="december",12, )))))))))))) -> 1 | E40: 121.2 | F40: 122 | G40: 129.9 | H40: 113.6 | I40: 102.9 | J40: 112.1 | K40: 118.9 | L40: 107.5 | M40: 96.9 | N40: 112.7 | O40: 112.1 | P40: 119 | Q40: 115.5 | R40: 115.7 | S40: 114.8 | T40: 111.3 | U40: 114.3 | V40: 111.6 | W40: 111 | X40: 111.9 | Y40: 109.7 | Z40: 108 | AA40: 111.5 | AB40: 109.8 | AC40: 110.8 | AD40: 110.5 | AE40: 112.9
A41: Rural | B41: 2014 | C41: February | D41: =IF(C41="January",1, IF(C41="february",2, IF(C41="march",3, IF(C41="april",4, IF(C41="may",5, IF(C41="june",6, IF(C41="july",7, IF(C41="august",8, IF(C41="september",9, IF(C41="october",10, IF(C41="november",11, IF(C41="december",12, )))))))))))) -> 2 | E41: 119.4 | F41: 117.7 | G41: 121.2 | H41: 115 | I41: 109 | J41: 116.6 | K41: 116 | L41: 109.8 | M41: 101.1 | N41: 110.4 | O41: 112.9 | P41: 117.8 | Q41: 115.3 | R41: 114.2 | S41: 117.1 | T41: 114.5 | U41: 116.7 | V41: ='Missing values'!V43 -> 112.5 | W41: 113.2 | X41: 112.9 | Y41: 110.9 | Z41: 108.7 | AA41: 112 | AB41: 109.9 | AC41: 110.8 | AD41: 110.9 | AE41: 114
A42: Rural+Urban | B42: 2014 | C42: February | D42: =IF(C42="January",1, IF(C42="february",2, IF(C42="march",3, IF(C42="april",4, IF(C42="may",5, IF(C42="june",6, IF(C42="july",7, IF(C42="august",8, IF(C42="september",9, IF(C42="october",10, IF(C42="november",11, IF(C42="december",12, )))))))))))) -> 2 | E42: 120.2 | F42: 119.2 | G42: 122.5 | H42: 115.1 | I42: 106.6 | J42: 115.4 | K42: 114.5 | L42: 109.3 | M42: 99.2 | N42: 111.4 | O42: 112.6 | P42: 118.8 | Q42: 115.3 | R42: 114.7 | S42: 116.4 | T42: 113.3 | U42: 115.9 | V42: 112.5 | W42: 112.4 | X42: 112.8 | Y42: 110.7 | Z42: 108.7 | AA42: 111.8 | AB42: 110.1 | AC42: 111.1 | AD42: 110.9 | AE42: 113.6
A43: Urban | B43: 2014 | C43: February | D43: =IF(C43="January",1, IF(C43="february",2, IF(C43="march",3, IF(C43="april",4, IF(C43="may",5, IF(C43="june",6, IF(C43="july",7, IF(C43="august",8, IF(C43="september",9, IF(C43="october",10, IF(C43="november",11, IF(C43="december",12, )))))))))))) -> 2 | E43: 121.9 | F43: 122 | G43: 124.5 | H43: 115.2 | I43: 102.5 | J43: 114.1 | K43: 111.5 | L43: 108.2 | M43: 95.4 | N43: 113.5 | O43: 112.1 | P43: 119.9 | Q43: 115.2 | R43: 116.2 | S43: 115.3 | T43: 111.7 | U43: 114.7 | V43: 112.5 | W43: 111.1 | X43: 112.6 | Y43: 110.4 | Z43: 108.7 | AA43: 111.6 | AB43: 110.3 | AC43: 111.3 | AD43: 111 | AE43: 113.1
A44: Rural | B44: 2014 | C44: March | D44: =IF(C44="January",1, IF(C44="february",2, IF(C44="march",3, IF(C44="april",4, IF(C44="may",5, IF(C44="june",6, IF(C44="july",7, IF(C44="august",8, IF(C44="september",9, IF(C44="october",10, IF(C44="november",11, IF(C44="december",12, )))))))))))) -> 3 | E44: 120.1 | F44: 118.1 | G44: 120.7 | H44: 116.1 | I44: 109.3 | J44: 119.6 | K44: 117.9 | L44: 110.2 | M44: 101.2 | N44: 110.7 | O44: 113 | P44: 118.3 | Q44: 116.2 | R44: 114.6 | S44: 117.5 | T44: 114.9 | U44: 117.2 | V44: ='Missing values'!V76 -> 113.2 | W44: 113.4 | X44: 113.4 | Y44: 111.4 | Z44: 108.9 | AA44: 112.4 | AB44: 110.2 | AC44: 111.2 | AD44: 111.3 | AE44: 114.6
A45: Rural+Urban | B45: 2014 | C45: March | D45: 3 | E45: 120.7 | F45: 119.3 | G45: 121 | H45: 116.1 | I45: 106.9 | J45: 118.7 | K45: 116.3 | L45: 109.8 | M45: 99.6 | N45: 111.8 | O45: 112.7 | P45: 119.3 | Q45: 116.1 | R45: 115.2 | S45: 116.8 | T45: 113.7 | U45: 116.4 | V45: 113.2 | W45: 112.5 | X45: 113.2 | Y45: 111.2 | Z45: 109 | AA45: 112 | AB45: 110.6 | AC45: 111.4 | AD45: 111.3 | AE45: 114.2
A46: Urban | B46: 2014 | C46: March | D46: =IF(C46="January",1, IF(C46="february",2, IF(C46="march",3, IF(C46="april",4, IF(C46="may",5, IF(C46="june",6, IF(C46="july",7, IF(C46="august",8, IF(C46="september",9, IF(C46="october",10, IF(C46="november",11, IF(C46="december",12, )))))))))))) -> 3 | E46: 122.1 | F46: 121.4 | G46: 121.5 | H46: 116.2 | I46: 102.8 | J46: 117.7 | K46: 113.3 | L46: 108.9 | M46: 96.3 | N46: 114.1 | O46: 112.2 | P46: 120.5 | Q46: 116 | R46: 116.7 | S46: 115.8 | T46: 112.1 | U46: 115.2 | V46: 113.2 | W46: 110.9 | X46: 113 | Y46: 110.8 | Z46: 109.2 | AA46: 111.8 | AB46: 110.9 | AC46: 111.6 | AD46: 111.4 | AE46: 113.7
A47: Rural | B47: 2014 | C47: April | D47: =IF(C47="January",1, IF(C47="february",2, IF(C47="march",3, IF(C47="april",4, IF(C47="may",5, IF(C47="june",6, IF(C47="july",7, IF(C47="august",8, IF(C47="september",9, IF(C47="october",10, IF(C47="november",11, IF(C47="december",12, )))))))))))) -> 4 | E47: 120.2 | F47: 118.9 | G47: 118.1 | H47: 117 | I47: 109.7 | J47: 125.5 | K47: 120.5 | L47: 111 | M47: 102.6 | N47: 111.2 | O47: 113.5 | P47: 118.7 | Q47: 117.2 | R47: 115.4 | S47: 118.1 | T47: 116.1 | U47: 117.8 | V47: ='Missing values'!V109 -> 113.9 | W47: 113.4 | X47: 113.7 | Y47: 111.8 | Z47: 108.9 | AA47: 113 | AB47: 110.5 | AC47: 111.2 | AD47: 111.5 | AE47: 115.4
A48: Rural+Urban | B48: 2014 | C48: April | D48: =IF(C48="January",1, IF(C48="february",2, IF(C48="march",3, IF(C48="april",4, IF(C48="may",5, IF(C48="june",6, IF(C48="july",7, IF(C48="august",8, IF(C48="september",9, IF(C48="october",10, IF(C48="november",11, IF(C48="december",12, )))))))))))) -> 4 | E48: 120.9 | F48: 119.9 | G48: 116.2 | H48: 117 | I48: 107.3 | J48: 126.1 | K48: 120.7 | L48: 111 | M48: 101.8 | N48: 112.6 | O48: 113.2 | P48: 119.8 | Q48: 117.6 | R48: 116 | S48: 117.4 | T48: 114.6 | U48: 117 | V48: 113.9 | W48: 112.5 | X48: 113.6 | Y48: 111.5 | Z48: 109 | AA48: 112.7 | AB48: 110.9 | AC48: 111.2 | AD48: 111.5 | AE48: 115.1
A49: Urban | B49: 2014 | C49: April | D49: =IF(C49="January",1, IF(C49="february",2, IF(C49="march",3, IF(C49="april",4, IF(C49="may",5, IF(C49="june",6, IF(C49="july",7, IF(C49="august",8, IF(C49="september",9, IF(C49="october",10, IF(C49="november",11, IF(C49="december",12, )))))))))))) -> 4 | E49: 122.5 | F49: 121.7 | G49: 113.3 | H49: 117 | I49: 103.1 | J49: 126.7 | K49: 121.2 | L49: 111 | M49: 100.3 | N49: 115.3 | O49: 112.7 | P49: 121 | Q49: 118.2 | R49: 117.6 | S49: 116.3 | T49: 112.5 | U49: 115.7 | V49: 113.9 | W49: 110.9 | X49: 113.4 | Y49: 111 | Z49: 109.1 | AA49: 112.5 | AB49: 111.2 | AC49: 111.2 | AD49: 111.4 | AE49: 114.7
A50: Rural | B50: 2014 | C50: May | D50: =IF(C50="January",1, IF(C50="february",2, IF(C50="march",3, IF(C50="april",4, IF(C50="may",5, IF(C50="june",6, IF(C50="july",7, IF(C50="august",8, IF(C50="september",9, IF(C50="october",10, IF(C50="november",11, IF(C50="december",12, )))))))))))) -> 5 | E50: 120.3 | F50: 120.2 | G50: 116.9 | H50: 118 | I50: 110.1 | J50: 126.3 | K50: 123.9 | L50: 111.5 | M50: 103.5 | N50: 111.6 | O50: 114.2 | P50: 119.2 | Q50: 118.2 | R50: 116.3 | S50: 118.7 | T50: 116.8 | U50: 118.5 | V50: ='Missing values'!V139 -> 114.3 | W50: 113.4 | X50: 114.1 | Y50: 112.1 | Z50: 108.9 | AA50: 113.1 | AB50: 110.9 | AC50: 111.4 | AD50: 111.8 | AE50: 116
A51: Rural+Urban | B51: 2014 | C51: May | D51: =IF(C51="January",1, IF(C51="february",2, IF(C51="march",3, IF(C51="april",4, IF(C51="may",5, IF(C51="june",6, IF(C51="july",7, IF(C51="august",8, IF(C51="september",9, IF(C51="october",10, IF(C51="november",11, IF(C51="december",12, )))))))))))) -> 5 | E51: 121.1 | F51: 121.6 | G51: 115.9 | H51: 118.4 | I51: 107.7 | J51: 127.7 | K51: 125 | L51: 111.9 | M51: 102.8 | N51: 113.4 | O51: 113.7 | P51: 120.4 | Q51: 118.9 | R51: 116.8 | S51: 118 | T51: 115.2 | U51: 117.6 | V51: 114.3 | W51: 112.5 | X51: 114.1 | Y51: 111.8 | Z51: 109.1 | AA51: 113 | AB51: 111.2 | AC51: 111.3 | AD51: 111.8 | AE51: 115.8
A52: Urban | B52: 2014 | C52: May | D52: =IF(C52="January",1, IF(C52="february",2, IF(C52="march",3, IF(C52="april",4, IF(C52="may",5, IF(C52="june",6, IF(C52="july",7, IF(C52="august",8, IF(C52="september",9, IF(C52="october",10, IF(C52="november",11, IF(C52="december",12, )))))))))))) -> 5 | E52: 122.7 | F52: 124.1 | G52: 114.2 | H52: 119.1 | I52: 103.5 | J52: 129.2 | K52: 127 | L52: 112.6 | M52: 101.3 | N52: 117 | O52: 112.9 | P52: 121.7 | Q52: 120 | R52: 118.3 | S52: 116.8 | T52: 112.9 | U52: 116.2 | V52: 114.3 | W52: 111.1 | X52: 114.1 | Y52: 111.2 | Z52: 109.3 | AA52: 112.9 | AB52: 111.5 | AC52: 111.3 | AD52: 111.7 | AE52: 115.6
A53: Rural | B53: 2014 | C53: June | D53: =IF(C53="January",1, IF(C53="february",2, IF(C53="march",3, IF(C53="april",4, IF(C53="may",5, IF(C53="june",6, IF(C53="july",7, IF(C53="august",8, IF(C53="september",9, IF(C53="october",10, IF(C53="november",11, IF(C53="december",12, )))))))))))) -> 6 | E53: 120.7 | F53: 121.6 | G53: 116.1 | H53: 119.3 | I53: 110.3 | J53: 125.8 | K53: 129.3 | L53: 112.2 | M53: 103.6 | N53: 112.3 | O53: 114.9 | P53: 120.1 | Q53: 119.5 | R53: 117.3 | S53: 119.7 | T53: 117.3 | U53: 119.3 | V53: ='Missing values'!V172 -> 113.9 | W53: 114.4 | X53: 114.9 | Y53: 112.8 | Z53: 108 | AA53: 114.3 | AB53: 111.4 | AC53: 112.2 | AD53: 112.3 | AE53: 117
A54: Rural+Urban | B54: 2014 | C54: June | D54: =IF(C54="January",1, IF(C54="february",2, IF(C54="march",3, IF(C54="april",4, IF(C54="may",5, IF(C54="june",6, IF(C54="july",7, IF(C54="august",8, IF(C54="september",9, IF(C54="october",10, IF(C54="november",11, IF(C54="december",12, )))))))))))) -> 6 | E54: 121.5 | F54: 123.1 | G54: 115.8 | H54: 119.7 | I54: 107.8 | J54: 128.3 | K54: 132.1 | L54: 112.4 | M54: 102.9 | N54: 114.3 | O54: 114.2 | P54: 121.2 | Q54: 120.4 | R54: 117.8 | S54: 118.8 | T54: 115.6 | U54: 118.3 | V54: 113.9 | W54: 113.2 | X54: 114.6 | Y54: 112.3 | Z54: 108.3 | AA54: 114.8 | AB54: 111.6 | AC54: 111.8 | AD54: 112.3 | AE54: 116.7
A55: Urban | B55: 2014 | C55: June | D55: =IF(C55="January",1, IF(C55="february",2, IF(C55="march",3, IF(C55="april",4, IF(C55="may",5, IF(C55="june",6, IF(C55="july",7, IF(C55="august",8, IF(C55="september",9, IF(C55="october",10, IF(C55="november",11, IF(C55="december",12, )))))))))))) -> 6 | E55: 123.1 | F55: 125.9 | G55: 115.4 | H55: 120.4 | I55: 103.4 | J55: 131.2 | K55: 137.5 | L55: 112.8 | M55: 101.4 | N55: 118.3 | O55: 113.2 | P55: 122.4 | Q55: 122 | R55: 119 | S55: 117.4 | T55: 113.2 | U55: 116.7 | V55: 113.9 | W55: 111.2 | X55: 114.3 | Y55: 111.4 | Z55: 108.7 | AA55: 115.1 | AB55: 111.8 | AC55: 111.5 | AD55: 112.2 | AE55: 116.4
A56: Rural | B56: 2014 | C56: July | D56: =IF(C56="January",1, IF(C56="february",2, IF(C56="march",3, IF(C56="april",4, IF(C56="may",5, IF(C56="june",6, IF(C56="july",7, IF(C56="august",8, IF(C56="september",9, IF(C56="october",10, IF(C56="november",11, IF(C56="december",12, )))))))))))) -> 7 | E56: 121.7 | F56: 122.5 | G56: 117.7 | H56: 120.6 | I56: 110.4 | J56: 129.1 | K56: 150.1 | L56: 113.2 | M56: 104.8 | N56: 113.3 | O56: 115.6 | P56: 120.9 | Q56: 123.3 | R56: 118 | S56: 120.7 | T56: 118.3 | U56: 120.3 | V56: ='Missing values'!V202 -> 114.8 | W56: 115.3 | X56: 115.4 | Y56: 113.4 | Z56: 108.8 | AA56: 115.5 | AB56: 111.8 | AC56: 113.2 | AD56: 113.1 | AE56: 119.5
A57: Rural+Urban | B57: 2014 | C57: July | D57: =IF(C57="January",1, IF(C57="february",2, IF(C57="march",3, IF(C57="april",4, IF(C57="may",5, IF(C57="june",6, IF(C57="july",7, IF(C57="august",8, IF(C57="september",9, IF(C57="october",10, IF(C57="november",11, IF(C57="december",12, )))))))))))) -> 7 | E57: 122.4 | F57: 123.9 | G57: 117.8 | H57: 121 | I57: 107.9 | J57: 131.2 | K57: 157.7 | L57: 113.2 | M57: 104.1 | N57: 115.5 | O57: 114.8 | P57: 122.1 | Q57: 124.7 | R57: 118.8 | S57: 119.6 | T57: 116.3 | U57: 119.1 | V57: 114.8 | W57: 113.9 | X57: 115.2 | Y57: 112.7 | Z57: 109.2 | AA57: 116.8 | AB57: 112.1 | AC57: 113.1 | AD57: 113.3 | AE57: 119.2
A58: Urban | B58: 2014 | C58: July | D58: =IF(C58="January",1, IF(C58="february",2, IF(C58="march",3, IF(C58="april",4, IF(C58="may",5, IF(C58="june",6, IF(C58="july",7, IF(C58="august",8, IF(C58="september",9, IF(C58="october",10, IF(C58="november",11, IF(C58="december",12, )))))))))))) -> 7 | E58: 123.8 | F58: 126.4 | G58: 118 | H58: 121.6 | I58: 103.5 | J58: 133.7 | K58: 172.4 | L58: 113.1 | M58: 102.7 | N58: 120 | O58: 113.8 | P58: 123.4 | Q58: 127.1 | R58: 121 | S58: 118 | T58: 113.6 | U58: 117.4 | V58: 114.8 | W58: 111.6 | X58: 114.9 | Y58: 111.5 | Z58: 109.7 | AA58: 117.8 | AB58: 112.4 | AC58: 113 | AD58: 113.5 | AE58: 118.9
A59: Rural | B59: 2014 | C59: August | D59: =IF(C59="January",1, IF(C59="february",2, IF(C59="march",3, IF(C59="april",4, IF(C59="may",5, IF(C59="june",6, IF(C59="july",7, IF(C59="august",8, IF(C59="september",9, IF(C59="october",10, IF(C59="november",11, IF(C59="december",12, )))))))))))) -> 8 | E59: 121.8 | F59: 122.8 | G59: 117.8 | H59: 121.9 | I59: 110.6 | J59: 129.7 | K59: 161.1 | L59: 114.1 | M59: 105.1 | N59: 114.6 | O59: 115.8 | P59: 121.7 | Q59: 125.3 | R59: 118.8 | S59: 120.9 | T59: 118.8 | U59: 120.7 | V59: ='Missing values'!V232 -> 115.5 | W59: 115.4 | X59: 115.9 | Y59: 114 | Z59: 109.4 | AA59: 116.2 | AB59: 112.2 | AC59: 113.2 | AD59: 113.5 | AE59: 120.7
A60: Rural+Urban | B60: 2014 | C60: August | D60: =IF(C60="January",1, IF(C60="february",2, IF(C60="march",3, IF(C60="april",4, IF(C60="may",5, IF(C60="june",6, IF(C60="july",7, IF(C60="august",8, IF(C60="september",9, IF(C60="october",10, IF(C60="november",11, IF(C60="december",12, )))))))))))) -> 8 | E60: 122.7 | F60: 124.4 | G60: 117.3 | H60: 122 | I60: 108 | J60: 131.1 | K60: 168.2 | L60: 114.5 | M60: 104.3 | N60: 117.1 | O60: 115.2 | P60: 123.1 | Q60: 126.6 | R60: 119.9 | S60: 120 | T60: 116.8 | U60: 119.6 | V60: 115.5 | W60: 114 | X60: 115.6 | Y60: 113.3 | Z60: 109.9 | AA60: 118 | AB60: 112.6 | AC60: 112.8 | AD60: 113.7 | AE60: 120.3
A61: Urban | B61: 2014 | C61: August | D61: =IF(C61="January",1, IF(C61="february",2, IF(C61="march",3, IF(C61="april",4, IF(C61="may",5, IF(C61="june",6, IF(C61="july",7, IF(C61="august",8, IF(C61="september",9, IF(C61="october",10, IF(C61="november",11, IF(C61="december",12, )))))))))))) -> 8 | E61: 124.8 | F61: 127.3 | G61: 116.5 | H61: 122.2 | I61: 103.6 | J61: 132.7 | K61: 181.9 | L61: 115.2 | M61: 102.7 | N61: 122.1 | O61: 114.4 | P61: 124.7 | Q61: 128.9 | R61: 123 | S61: 118.6 | T61: 114.1 | U61: 117.9 | V61: 115.5 | W61: 111.8 | X61: 115.3 | Y61: 112.2 | Z61: 110.5 | AA61: 119.2 | AB61: 112.9 | AC61: 112.5 | AD61: 113.9 | AE61: 119.9
A62: Rural | B62: 2014 | C62: September | D62: =IF(C62="January",1, IF(C62="february",2, IF(C62="march",3, IF(C62="april",4, IF(C62="may",5, IF(C62="june",6, IF(C62="july",7, IF(C62="august",8, IF(C62="september",9, IF(C62="october",10, IF(C62="november",11, IF(C62="december",12, )))))))))))) -> 9 | E62: 122.3 | F62: 122.4 | G62: 117.8 | H62: 122.7 | I62: 110.4 | J62: 129.8 | K62: 158.8 | L62: 115 | M62: 104.7 | N62: 114.9 | O62: 116.5 | P62: 122.6 | Q62: 125.3 | R62: 119.5 | S62: 121.7 | T62: 119.2 | U62: 121.3 | V62: ='Missing values'!V262 -> 116.1 | W62: 115.8 | X62: 116.7 | Y62: 114.5 | Z62: 109.1 | AA62: 116.6 | AB62: 112.6 | AC62: 112.8 | AD62: 113.7 | AE62: 120.9
A63: Rural+Urban | B63: 2014 | C63: September | D63: =IF(C63="January",1, IF(C63="february",2, IF(C63="march",3, IF(C63="april",4, IF(C63="may",5, IF(C63="june",6, IF(C63="july",7, IF(C63="august",8, IF(C63="september",9, IF(C63="october",10, IF(C63="november",11, IF(C63="december",12, )))))))))))) -> 9 | E63: 122.9 | F63: 123.5 | G63: 117.3 | H63: 122.7 | I63: 107.9 | J63: 127.3 | K63: 162.1 | L63: 115.6 | M63: 103.8 | N63: 117.6 | O63: 115.8 | P63: 123.8 | Q63: 125.8 | R63: 120.8 | S63: 120.7 | T63: 117.2 | U63: 120.1 | V63: 116.1 | W63: 114.3 | X63: 116.1 | Y63: 113.7 | Z63: 109.5 | AA63: 118.6 | AB63: 113.1 | AC63: 112 | AD63: 113.7 | AE63: 120.1
A64: Urban | B64: 2014 | C64: September | D64: =IF(C64="January",1, IF(C64="february",2, IF(C64="march",3, IF(C64="april",4, IF(C64="may",5, IF(C64="june",6, IF(C64="july",7, IF(C64="august",8, IF(C64="september",9, IF(C64="october",10, IF(C64="november",11, IF(C64="december",12, )))))))))))) -> 9 | E64: 124.2 | F64: 125.4 | G64: 116.4 | H64: 122.7 | I64: 103.5 | J64: 124.5 | K64: 168.6 | L64: 116.9 | M64: 101.9 | N64: 122.9 | O64: 114.8 | P64: 125.2 | Q64: 126.7 | R64: 124.3 | S64: 119.2 | T64: 114.5 | U64: 118.4 | V64: 116.1 | W64: 111.8 | X64: 115.5 | Y64: 112.3 | Z64: 110 | AA64: 120 | AB64: 113.4 | AC64: 111.2 | AD64: 113.6 | AE64: 119.2
A65: Rural | B65: 2014 | C65: October | D65: =IF(C65="January",1, IF(C65="february",2, IF(C65="march",3, IF(C65="april",4, IF(C65="may",5, IF(C65="june",6, IF(C65="july",7, IF(C65="august",8, IF(C65="september",9, IF(C65="october",10, IF(C65="november",11, IF(C65="december",12, )))))))))))) -> 10 | E65: 122.6 | F65: 122.5 | G65: 118.3 | H65: 123.2 | I65: 110.5 | J65: 128.9 | K65: 155.3 | L65: 115.5 | M65: 104 | N65: 115.3 | O65: 116.8 | P65: 123.2 | Q65: 125.1 | R65: 120 | S65: 122.7 | T65: 120.3 | U65: 122.3 | V65: ='Missing values'!V292 -> 116.7 | W65: 116.4 | X65: 117.5 | Y65: 115.3 | Z65: 109.3 | AA65: 116.9 | AB65: 113 | AC65: 112.6 | AD65: 114 | AE65: 121
A66: Rural+Urban | B66: 2014 | C66: October | D66: =IF(C66="January",1, IF(C66="february",2, IF(C66="march",3, IF(C66="april",4, IF(C66="may",5, IF(C66="june",6, IF(C66="july",7, IF(C66="august",8, IF(C66="september",9, IF(C66="october",10, IF(C66="november",11, IF(C66="december",12, )))))))))))) -> 10 | E66: 123.2 | F66: 123.8 | G66: 118.1 | H66: 123.2 | I66: 107.9 | J66: 126.4 | K66: 156.8 | L66: 116.1 | M66: 103.1 | N66: 118.1 | O66: 116.1 | P66: 124.5 | Q66: 125.4 | R66: 121.1 | S66: 121.5 | T66: 118.1 | U66: 121 | V66: 116.7 | W66: 114.7 | X66: 116.7 | Y66: 114.3 | Z66: 109.6 | AA66: 118.8 | AB66: 113.3 | AC66: 111.8 | AD66: 113.9 | AE66: 120.1
A67: Urban | B67: 2014 | C67: October | D67: =IF(C67="January",1, IF(C67="february",2, IF(C67="march",3, IF(C67="april",4, IF(C67="may",5, IF(C67="june",6, IF(C67="july",7, IF(C67="august",8, IF(C67="september",9, IF(C67="october",10, IF(C67="november",11, IF(C67="december",12, )))))))))))) -> 10 | E67: 124.6 | F67: 126.1 | G67: 117.8 | H67: 123.1 | I67: 103.5 | J67: 123.5 | K67: 159.6 | L67: 117.4 | M67: 101.2 | N67: 123.8 | O67: 115.2 | P67: 125.9 | Q67: 125.8 | R67: 124.3 | S67: 119.6 | T67: 114.9 | U67: 118.9 | V67: 116.7 | W67: 112 | X67: 115.8 | Y67: 112.6 | Z67: 110.1 | AA67: 120.2 | AB67: 113.6 | AC67: 111 | AD67: 113.7 | AE67: 119.1
A68: Rural | B68: 2014 | C68: November | D68: =IF(C68="January",1, IF(C68="february",2, IF(C68="march",3, IF(C68="april",4, IF(C68="may",5, IF(C68="june",6, IF(C68="july",7, IF(C68="august",8, IF(C68="september",9, IF(C68="october",10, IF(C68="november",11, IF(C68="december",12, )))))))))))) -> 11 | E68: 122.7 | F68: 122.6 | G68: 119.9 | H68: 124 | I68: 110.5 | J68: 128.8 | K68: 152 | L68: 116.2 | M68: 103.3 | N68: 115.8 | O68: 116.8 | P68: 124.5 | Q68: 124.9 | R68: 120.8 | S68: 123.3 | T68: 120.5 | U68: 122.9 | V68: ='Missing values'!V322 -> 117.1 | W68: 117.3 | X68: 118.1 | Y68: 115.9 | Z68: 108.8 | AA68: 117.2 | AB68: 113.3 | AC68: 112 | AD68: 114.1 | AE68: 121.1
A69: Rural+Urban | B69: 2014 | C69: November | D69: =IF(C69="January",1, IF(C69="february",2, IF(C69="march",3, IF(C69="april",4, IF(C69="may",5, IF(C69="june",6, IF(C69="july",7, IF(C69="august",8, IF(C69="september",9, IF(C69="october",10, IF(C69="november",11, IF(C69="december",12, )))))))))))) -> 11 | E69: 123.3 | F69: 123.7 | G69: 121 | H69: 124.2 | I69: 107.8 | J69: 125.7 | K69: 152.4 | L69: 117.2 | M69: 102.1 | N69: 118.7 | O69: 116.4 | P69: 125.6 | Q69: 125.1 | R69: 122.1 | S69: 122.1 | T69: 118.4 | U69: 121.6 | V69: 117.1 | W69: 115.5 | X69: 117.3 | Y69: 114.8 | Z69: 109.1 | AA69: 119 | AB69: 113.7 | AC69: 110.8 | AD69: 113.8 | AE69: 120.1
A70: Urban | B70: 2014 | C70: November | D70: =IF(C70="January",1, IF(C70="february",2, IF(C70="march",3, IF(C70="april",4, IF(C70="may",5, IF(C70="june",6, IF(C70="july",7, IF(C70="august",8, IF(C70="september",9, IF(C70="october",10, IF(C70="november",11, IF(C70="december",12, )))))))))))) -> 11 | E70: 124.5 | F70: 125.6 | G70: 122.7 | H70: 124.6 | I70: 103.2 | J70: 122.2 | K70: 153.2 | L70: 119.3 | M70: 99.8 | N70: 124.6 | O70: 115.8 | P70: 126.9 | Q70: 125.4 | R70: 125.8 | S70: 120.3 | T70: 115.4 | U70: 119.5 | V70: 117.1 | W70: 112.6 | X70: 116.4 | Y70: 113 | Z70: 109.6 | AA70: 120.3 | AB70: 114 | AC70: 109.7 | AD70: 113.4 | AE70: 119
A71: Rural | B71: 2014 | C71: December | D71: =IF(C71="January",1, IF(C71="february",2, IF(C71="march",3, IF(C71="april",4, IF(C71="may",5, IF(C71="june",6, IF(C71="july",7, IF(C71="august",8, IF(C71="september",9, IF(C71="october",10, IF(C71="november",11, IF(C71="december",12, )))))))))))) -> 12 | E71: 122.4 | F71: 122.4 | G71: 121.8 | H71: 124.2 | I71: 110.2 | J71: 128.6 | K71: 140.3 | L71: 116.3 | M71: 102 | N71: 116 | O71: 117.3 | P71: 124.8 | Q71: 123.3 | R71: 121.7 | S71: 123.8 | T71: 120.6 | U71: 123.3 | V71: ='Missing values'!V352 -> 116.5 | W71: 117.4 | X71: 118.2 | Y71: 116.2 | Z71: 109.4 | AA71: 117.7 | AB71: 113.3 | AC71: 111.5 | AD71: 114.2 | AE71: 120.3
A72: Rural+Urban | B72: 2014 | C72: December | D72: =IF(C72="January",1, IF(C72="february",2, IF(C72="march",3, IF(C72="april",4, IF(C72="may",5, IF(C72="june",6, IF(C72="july",7, IF(C72="august",8, IF(C72="september",9, IF(C72="october",10, IF(C72="november",11, IF(C72="december",12, )))))))))))) -> 12 | E72: 122.9 | F72: 123.2 | G72: 123.5 | H72: 124.5 | I72: 107.6 | J72: 125.7 | K72: 140.5 | L72: 117.6 | M72: 100.6 | N72: 119.1 | O72: 116.8 | P72: 126.1 | Q72: 123.6 | R72: 123 | S72: 122.6 | T72: 118.6 | U72: 122 | V72: 116.5 | W72: 115.7 | X72: 117.5 | Y72: 115.1 | Z72: 109.8 | AA72: 119.5 | AB72: 113.9 | AC72: 110.1 | AD72: 113.8 | AE72: 119.4
A73: Urban | B73: 2014 | C73: December | D73: =IF(C73="January",1, IF(C73="february",2, IF(C73="march",3, IF(C73="april",4, IF(C73="may",5, IF(C73="june",6, IF(C73="july",7, IF(C73="august",8, IF(C73="september",9, IF(C73="october",10, IF(C73="november",11, IF(C73="december",12, )))))))))))) -> 12 | E73: 124 | F73: 124.7 | G73: 126.3 | H73: 124.9 | I73: 103 | J73: 122.3 | K73: 141 | L73: 120.1 | M73: 97.8 | N73: 125.4 | O73: 116.1 | P73: 127.6 | Q73: 124 | R73: 126.4 | S73: 120.7 | T73: 115.8 | U73: 120 | V73: 116.5 | W73: 113 | X73: 116.8 | Y73: 113.2 | Z73: 110.4 | AA73: 120.7 | AB73: 114.3 | AC73: 108.8 | AD73: 113.4 | AE73: 118.4
A74: Rural | B74: 2015 | C74: January | D74: =IF(C74="January",1, IF(C74="february",2, IF(C74="march",3, IF(C74="april",4, IF(C74="may",5, IF(C74="june",6, IF(C74="july",7, IF(C74="august",8, IF(C74="september",9, IF(C74="october",10, IF(C74="november",11, IF(C74="december",12, )))))))))))) -> 1 | E74: 123.1 | F74: 123.1 | G74: 122.1 | H74: 124.9 | I74: 111 | J74: 130.4 | K74: 132.3 | L74: 117.2 | M74: 100.5 | N74: 117.2 | O74: 117.9 | P74: 125.6 | Q74: 122.8 | R74: 122.7 | S74: 124.4 | T74: 121.6 | U74: 124 | V74: ='Missing values'!V13 -> 117.3 | W74: 118.4 | X74: 118.9 | Y74: 116.6 | Z74: 110.2 | AA74: 118.2 | AB74: 114 | AC74: 111 | AD74: 114.5 | AE74: 120.3
A75: Rural+Urban | B75: 2015 | C75: January | D75: =IF(C75="January",1, IF(C75="february",2, IF(C75="march",3, IF(C75="april",4, IF(C75="may",5, IF(C75="june",6, IF(C75="july",7, IF(C75="august",8, IF(C75="september",9, IF(C75="october",10, IF(C75="november",11, IF(C75="december",12, )))))))))))) -> 1 | E75: 123.4 | F75: 123.9 | G75: 123.8 | H75: 125 | I75: 108.5 | J75: 126.2 | K75: 133 | L75: 119.1 | M75: 99 | N75: 120.3 | O75: 117.3 | P75: 126.7 | Q75: 123.1 | R75: 124 | S75: 123.1 | T75: 119.3 | U75: 122.5 | V75: 117.3 | W75: 116.5 | X75: 118.1 | Y75: 115.5 | Z75: 110.7 | AA75: 119.7 | AB75: 114.3 | AC75: 109.4 | AD75: 114 | AE75: 119.5
A76: Urban | B76: 2015 | C76: January | D76: =IF(C76="January",1, IF(C76="february",2, IF(C76="march",3, IF(C76="april",4, IF(C76="may",5, IF(C76="june",6, IF(C76="july",7, IF(C76="august",8, IF(C76="september",9, IF(C76="october",10, IF(C76="november",11, IF(C76="december",12, )))))))))))) -> 1 | E76: 124 | F76: 125.5 | G76: 126.6 | H76: 125.2 | I76: 104.3 | J76: 121.3 | K76: 134.4 | L76: 122.9 | M76: 96.1 | N76: 126.6 | O76: 116.5 | P76: 128 | Q76: 123.5 | R76: 127.4 | S76: 121 | T76: 116.1 | U76: 120.2 | V76: 117.3 | W76: 113.4 | X76: 117.2 | Y76: 113.7 | Z76: 111.4 | AA76: 120.8 | AB76: 114.6 | AC76: 107.9 | AD76: 113.4 | AE76: 118.5
A77: Rural | B77: 2015 | C77: February | D77: =IF(C77="January",1, IF(C77="february",2, IF(C77="march",3, IF(C77="april",4, IF(C77="may",5, IF(C77="june",6, IF(C77="july",7, IF(C77="august",8, IF(C77="september",9, IF(C77="october",10, IF(C77="november",11, IF(C77="december",12, )))))))))))) -> 2 | E77: 123.4 | F77: 124.4 | G77: 122.1 | H77: 125.8 | I77: 111.5 | J77: 129.4 | K77: 128.2 | L77: 118.8 | M77: 100 | N77: 118.6 | O77: 118.8 | P77: 126.8 | Q77: 122.8 | R77: 124.2 | S77: 125.4 | T77: 122.7 | U77: 125 | V77: ='Missing values'!V46 -> 118.1 | W77: 120 | X77: 119.6 | Y77: 117.7 | Z77: 110.8 | AA77: 118.7 | AB77: 114.8 | AC77: 110.9 | AD77: 115 | AE77: 120.6
A78: Rural+Urban | B78: 2015 | C78: February | D78: =IF(C78="January",1, IF(C78="february",2, IF(C78="march",3, IF(C78="april",4, IF(C78="may",5, IF(C78="june",6, IF(C78="july",7, IF(C78="august",8, IF(C78="september",9, IF(C78="october",10, IF(C78="november",11, IF(C78="december",12, )))))))))))) -> 2 | E78: 123.7 | F78: 125.1 | G78: 121.1 | H78: 125.7 | I78: 109.1 | J78: 125.8 | K78: 129.4 | L78: 120.9 | M78: 98.3 | N78: 121.6 | O78: 118 | P78: 127.6 | Q78: 123.1 | R78: 125.2 | S78: 123.8 | T78: 120.1 | U78: 123.3 | V78: 118.1 | W78: 117.7 | X78: 118.7 | Y78: 116.3 | Z78: 111.2 | AA78: 119.7 | AB78: 114.9 | AC78: 108.7 | AD78: 114.1 | AE78: 119.7
A79: Urban | B79: 2015 | C79: February | D79: =IF(C79="January",1, IF(C79="february",2, IF(C79="march",3, IF(C79="april",4, IF(C79="may",5, IF(C79="june",6, IF(C79="july",7, IF(C79="august",8, IF(C79="september",9, IF(C79="october",10, IF(C79="november",11, IF(C79="december",12, )))))))))))) -> 2 | E79: 124.3 | F79: 126.5 | G79: 119.5 | H79: 125.6 | I79: 104.9 | J79: 121.6 | K79: 131.8 | L79: 125.1 | M79: 95 | N79: 127.7 | O79: 116.8 | P79: 128.6 | Q79: 123.7 | R79: 128.1 | S79: 121.3 | T79: 116.5 | U79: 120.6 | V79: 118.1 | W79: 114 | X79: 117.7 | Y79: 114.1 | Z79: 111.7 | AA79: 120.4 | AB79: 114.9 | AC79: 106.8 | AD79: 113.2 | AE79: 118.7
A80: Rural | B80: 2015 | C80: March | D80: =IF(C80="January",1, IF(C80="february",2, IF(C80="march",3, IF(C80="april",4, IF(C80="may",5, IF(C80="june",6, IF(C80="july",7, IF(C80="august",8, IF(C80="september",9, IF(C80="october",10, IF(C80="november",11, IF(C80="december",12, )))))))))))) -> 3 | E80: 123.3 | F80: 124.7 | G80: 118.9 | H80: 126 | I80: 111.8 | J80: 130.9 | K80: 128 | L80: 119.9 | M80: 98.9 | N80: 119.4 | O80: 118.9 | P80: 127.7 | Q80: 123.1 | R80: 124.7 | S80: 126 | T80: 122.9 | U80: 125.5 | V80: ='Missing values'!V79 -> 118.6 | W80: 120.6 | X80: 120.2 | Y80: 118.2 | Z80: 110.8 | AA80: 119.4 | AB80: 115.5 | AC80: 111.6 | AD80: 115.5 | AE80: 121.1
A81: Rural+Urban | B81: 2015 | C81: March | D81: =IF(C81="January",1, IF(C81="february",2, IF(C81="march",3, IF(C81="april",4, IF(C81="may",5, IF(C81="june",6, IF(C81="july",7, IF(C81="august",8, IF(C81="september",9, IF(C81="october",10, IF(C81="november",11, IF(C81="december",12, )))))))))))) -> 3 | E81: 123.5 | F81: 125.4 | G81: 116.8 | H81: 126 | I81: 109.2 | J81: 127.6 | K81: 129.2 | L81: 122.4 | M81: 97 | N81: 122.1 | O81: 118.1 | P81: 128.4 | Q81: 123.4 | R81: 125.8 | S81: 124.3 | T81: 120.4 | U81: 123.7 | V81: 118.6 | W81: 118.3 | X81: 119.2 | Y81: 116.7 | Z81: 111 | AA81: 120.1 | AB81: 115.4 | AC81: 109.9 | AD81: 114.7 | AE81: 120.2
